Tanggal,Lintang,Bujur,Magnitudo,Kedalaman,Lokasi,PheromoneScore,Risk_Index,Status_Zona,Radius_Visual_KM
2022-01-15 08:30:00,-7.891901090579822,112.2480336252349,4.04,2,"Gunung Kelud, Kediri",0.3969909108558689,39.7,Aman,7.360921160360145
2022-01-20 11:11:00,-7.973514240339685,113.0048304151398,4.81,69,"Gunung Bromo, Probolinggo",0.12292976429925988,12.29,Aman,8.178887408517184
2022-01-24 22:17:00,-7.978263206344961,112.3732395132086,4.88,60,"Gunung Kelud, Kediri",0.09374424882554669,9.37,Aman,8.21938653103842
2022-01-25 02:41:00,-7.999641091118968,112.2386483357198,2.15,56,"Gunung Kelud, Kediri",0.006467069500174226,0.65,Aman,3.0
2022-01-25 09:51:00,-8.088459102496168,112.9281807713791,4.29,23,"Gunung Semeru, Lumajang",0.2943587095518702,29.44,Aman,7.617733978609227
2022-01-31 18:18:00,-8.044117906718789,114.233205669959,3.73,17,"Gunung Ijen, Bondowoso",0.23428766268515622,23.43,Aman,6.184869964558018
2022-01-31 23:24:00,-8.099009082080153,114.0164814562312,5.16,21,"Gunung Raung, Banyuwangi",0.13950887892105868,13.95,Aman,9.03085167948036
2022-02-03 03:39:00,-8.140435633188241,114.0005372641355,2.73,30,"Gunung Raung, Banyuwangi",0.14123240424755062,14.12,Aman,3.950438022369593
2022-02-04 04:58:00,-7.993411853462411,112.912157511184,2.8,29,"Gunung Bromo, Probolinggo",0.0027770258640665486,0.28,Aman,3.81863409596437
2022-02-09 08:47:00,-8.007022823409374,114.2648785426929,5.24,30,"Gunung Ijen, Banyuwangi",0.37212328682564555,37.21,Aman,10.214989730704522
2022-02-09 15:54:00,-8.142919456326107,113.9931039878811,4.42,39,"Gunung Raung, Banyuwangi",0.20178722124613271,20.18,Aman,7.599662422532365
2022-02-12 12:16:00,-7.931789743513793,112.8807586637624,5.15,21,"Gunung Bromo, Probolinggo",0.05063360009507426,5.06,Aman,8.633909084452162
2022-02-13 16:41:00,-8.105258046029785,114.0236255910996,1.23,9,"Gunung Raung, Banyuwangi",0.003024542473674503,0.3,Aman,3.0
2022-02-14 16:44:00,-8.079660973766108,112.9880128014212,4.88,64,"Gunung Semeru, Lumajang",0.04104642245885569,4.1,Aman,8.012511310009707
2022-02-15 17:30:00,-7.994628498714133,114.1748529965384,5.62,1,"Gunung Ijen, Banyuwangi",1.0,100.0,Terdampak,14.149740308794245
2022-02-15 17:40:00,-7.95768126814787,112.9538660004974,2.19,14,"Gunung Bromo, Probolinggo",0.010690974036023131,1.07,Aman,3.0
2022-02-15 19:53:00,-8.057341876880054,114.2210048401417,3.49,36,"Gunung Ijen, Banyuwangi",0.19284318472184242,19.28,Aman,5.567377048985562
2022-02-16 22:27:00,-8.046517646604613,114.2087651609963,5.96,50,"Gunung Ijen, Banyuwangi",0.27424419601129335,27.42,Aman,11.57783182909596
2022-02-18 09:05:00,-7.920692724552178,112.9535372992365,2.34,7,"Gunung Bromo, Probolinggo",0.1061572097022545,10.62,Aman,3.1801045926698386
2022-02-21 13:36:00,-8.126743817218347,114.0510146530063,2.2,1,"Gunung Raung, Banyuwangi",0.24729801169525842,24.73,Aman,3.131700033509502
2022-03-11 02:13:00,-8.118832171019067,112.9261199800695,1.07,3,"Gunung Semeru, Lumajang",0.015901886592835104,1.59,Aman,3.0
2022-03-11 09:46:00,-8.128718269272253,112.9179092219772,3.33,10,"Gunung Semeru, Lumajang",0.3076558034436442,30.77,Aman,5.51211843478599
2022-03-11 11:43:00,-8.115964032453027,112.9137611868226,2.47,9,"Gunung Semeru, Lumajang",0.27724454304307755,27.72,Aman,3.68880513373986
2022-03-13 13:08:00,-8.028222707771718,114.218177250649,5.87,65,"Gunung Ijen, Banyuwangi",0.18907675016393022,18.91,Aman,10.92598309892781
2022-03-15 07:32:00,-8.11690193476015,114.0576849118472,3.4,13,"Gunung Raung, Banyuwangi",0.18738606060703242,18.74,Aman,5.368068346846383
2022-03-16 21:01:00,-7.926276799604771,112.9627405686623,2.87,15,"Gunung Bromo, Probolinggo",0.15889626629579395,15.89,Aman,4.250580498172375
2022-03-18 14:44:00,-8.117566323754614,112.9376967605634,2.16,60,"Gunung Semeru, Lumajang",0.027520927397136952,2.75,Aman,3.0
2022-03-23 01:18:00,-8.123650695973495,112.8641708202764,3.88,19,"Gunung Semeru, Lumajang",0.021752133424262785,2.18,Aman,5.890866186605991
2022-03-23 04:04:00,-7.96031860465994,112.9843067309419,5.04,11,"Gunung Bromo, Probolinggo",0.6186317389031099,61.86,Aman,10.720230641196203
2022-03-25 21:24:00,-8.095076691014098,112.9442914601688,5.99,47,"Gunung Semeru, Lumajang",0.7083295197760113,70.83,Terdampak,13.877983820929611
2022-03-29 19:32:00,-7.920819035232515,112.3698585318571,5.16,58,"Gunung Kelud, Kediri",0.03607340379731167,3.61,Aman,8.594251278592933
2022-04-02 16:58:00,-7.990948064559925,112.3206869453204,4.21,34,"Gunung Kelud, Kediri",0.07924463098227612,7.92,Aman,6.736624146772606
2022-04-05 18:14:00,-8.067828385683416,113.9868244594997,4.68,65,"Gunung Raung, Banyuwangi",0.06975883523486216,6.98,Aman,7.695013010949791
2022-04-12 23:20:00,-7.944606552034854,112.3641714778499,2.92,51,"Gunung Kelud, Kediri",0.004741458435863309,0.47,Aman,4.036696359447718
2022-04-13 11:34:00,-7.93741333819136,112.3800551721427,2.62,61,"Gunung Kelud, Kediri",0.018656217122000846,1.87,Aman,3.5304010752423824
2022-04-14 13:15:00,-7.919528630275589,112.2927002481064,1.97,8,"Gunung Kelud, Kediri",0.018730436426040595,1.87,Aman,3.0
2022-04-14 14:19:00,-8.14660505155383,112.9868570482457,2.83,1,"Gunung Semeru, Lumajang",0.2136392821712883,21.36,Aman,4.2795610236069
2022-04-18 10:48:00,-8.110109207802482,114.0128547671533,3.29,25,"Gunung Raung, Banyuwangi",0.020089186125380146,2.01,Aman,4.750017563583309
2022-04-19 05:13:00,-7.957886879813556,112.2603029521536,5.38,29,"Gunung Kelud, Kediri",0.22044661877598165,22.04,Aman,9.895262043754498
2022-04-21 05:04:00,-8.129903140308901,114.0924264717197,5.51,40,"Gunung Raung, Banyuwangi",0.10606711636217485,10.61,Aman,9.681425103381082
2022-04-22 12:32:00,-7.898059352183734,112.3180956238197,2.45,39,"Gunung Kelud, Kediri",0.007025025104964917,0.7,Aman,3.2169084511270523
2022-04-22 13:45:00,-7.960816611236697,112.3707599558378,5.4,10,"Gunung Kelud, Kediri",0.4532609398423274,45.33,Aman,10.985646911039678
2022-04-24 04:35:00,-8.065600386898645,114.2251747384028,2.83,7,"Gunung Ijen, Bondowoso",0.011100316308559519,1.11,Aman,3.8879986443842167
2022-04-25 09:49:00,-8.096227650123783,112.9739990713008,4.21,70,"Gunung Semeru, Lumajang",0.32060944552065934,32.06,Aman,7.518631234140875
2022-04-26 11:56:00,-8.118144717200998,114.0232388667311,3.09,18,"Gunung Raung, Banyuwangi",0.05872237167188802,5.87,Aman,4.461838139776287
2022-04-28 00:51:00,-7.9580951537756,112.9494507439011,3.77,11,"Gunung Bromo, Probolinggo",0.20170021231198593,20.17,Aman,6.179764766091198
2022-04-28 14:06:00,-7.946263580781884,113.0080169982037,5.99,1,"Gunung Bromo, Probolinggo",1.0,100.0,Terdampak,15.372557570554454
2022-04-29 04:38:00,-8.17455471806056,114.0418046157392,3.21,53,"Gunung Raung, Banyuwangi",0.0005765410954323642,0.06,Aman,4.555979050217565
2022-05-01 13:34:00,-7.877878372092454,113.0102125479923,3.59,55,"Gunung Bromo, Probolinggo",0.02887235271729211,2.89,Aman,5.34376697405529
2022-05-06 23:39:00,-7.913397644711904,112.3240040525849,1.44,15,"Gunung Kelud, Kediri",0.013386418124987623,1.34,Aman,3.0
2022-05-07 09:53:00,-8.097549819841422,114.1719331925069,5.79,25,"Gunung Ijen, Banyuwangi",0.4003491388701097,40.03,Aman,11.76864745202933
2022-05-11 02:00:00,-8.163932304472615,112.9397571949238,3.04,33,"Gunung Semeru, Lumajang",0.01606529635936552,1.61,Aman,4.2776993423521485
2022-05-11 16:57:00,-7.938537095024668,112.316518546318,1.98,14,"Gunung Kelud, Kediri",0.007815022811395334,0.78,Aman,3.0
2022-05-15 23:27:00,-8.118690874539517,114.278090514338,4.83,67,"Gunung Ijen, Banyuwangi",0.18266948957256385,18.27,Aman,8.454525765773804
2022-05-18 01:35:00,-8.053800027724183,114.3031655134336,3.94,43,"Gunung Ijen, Banyuwangi",0.17353603330895367,17.35,Aman,6.460735136399006
2022-05-19 09:55:00,-8.124371712809596,114.007500767746,5.42,46,"Gunung Raung, Banyuwangi",0.2715337086385603,27.15,Aman,10.220879373510463
2022-05-21 01:07:00,-7.95660315039263,112.9370471072549,2.81,5,"Gunung Bromo, Probolinggo",0.13010561828161088,13.01,Aman,4.080274282784224
2022-05-21 10:54:00,-8.116114430806826,114.2106104166539,4.54,46,"Gunung Ijen, Banyuwangi",0.11908168239819931,11.91,Aman,7.573389800950461
2022-05-22 03:57:00,-7.919728282432485,112.2646182963541,3.77,64,"Gunung Kelud, Kediri",0.19521358943783673,19.52,Aman,6.1615580169323305
2022-05-23 04:51:00,-7.946909085306584,112.8966281375544,3.15,50,"Gunung Bromo, Probolinggo",0.0003025032141250127,0.03,Aman,4.444975818788504
2022-05-24 09:02:00,-7.997716083488926,113.0146039258256,4.49,64,"Gunung Bromo, Probolinggo",0.003603692027670102,0.36,Aman,7.058331816124035
2022-05-25 04:39:00,-7.936700571663301,112.342833295145,5.66,59,"Gunung Kelud, Kediri",0.30405554745498115,30.41,Aman,10.96792090719791
2022-05-26 08:52:00,-7.91135880540466,112.3607924982169,3.29,66,"Gunung Kelud, Kediri",0.00028007397634246525,0.03,Aman,4.703438614855111
2022-05-27 02:38:00,-7.97910796219466,112.3710545863038,3.94,69,"Gunung Kelud, Kediri",0.11154280258792414,11.15,Aman,6.2764631308742125
2022-05-28 10:12:00,-7.978048680886062,112.9939391301867,5.62,65,"Gunung Bromo, Probolinggo",0.39093396252953694,39.09,Aman,11.27703155508978
2022-05-30 20:05:00,-8.040592168262314,114.2479209735951,3.76,13,"Gunung Ijen, Banyuwangi",0.34455651994133674,34.46,Aman,6.558052807572764
2022-06-02 22:40:00,-7.91578656024204,112.8809367151092,4.61,29,"Gunung Bromo, Probolinggo",0.04300243181555347,4.3,Aman,7.448178752112976
2022-06-06 18:50:00,-7.988241942495489,112.9355792272114,4.85,64,"Gunung Bromo, Probolinggo",0.0012726992032818703,0.13,Aman,7.793643485145003
2022-06-07 04:52:00,-7.915169953097054,112.3012598095605,1.84,16,"Gunung Kelud, Kediri",0.0033439794462424535,0.33,Aman,3.0
2022-06-09 21:17:00,-7.96684701013575,112.2910875577218,5.86,55,"Gunung Kelud, Kediri",0.17932772898247396,17.93,Aman,10.85324107692403
2022-06-10 22:28:00,-7.921308510782152,112.946198480234,1.52,17,"Gunung Bromo, Probolinggo",0.010616425914033485,1.06,Aman,3.0
2022-06-11 15:22:00,-7.933260307284476,112.9699116803497,2.16,61,"Gunung Bromo, Probolinggo",0.008754748882994792,0.88,Aman,3.0
2022-06-12 02:00:00,-8.00237556905056,114.1763449035899,3.1,51,"Gunung Ijen, Banyuwangi",0.25398294898044893,25.4,Aman,4.905585310152215
2022-06-12 17:22:00,-8.120754787252373,114.2937465669942,4.62,42,"Gunung Ijen, Banyuwangi",0.21027049013136004,21.03,Aman,8.080718871548722
2022-06-16 11:35:00,-8.074450926136603,114.0594402877987,3.14,40,"Gunung Raung, Banyuwangi",0.0003733045981242473,0.04,Aman,4.426796898449576
2022-06-17 22:59:00,-8.081568805515836,114.1030340020642,3.02,27,"Gunung Raung, Banyuwangi",0.001633729751607114,0.16,Aman,4.210790562896353
2022-06-19 05:50:00,-7.93497075793073,112.3280047752014,1.06,12,"Gunung Kelud, Kediri",0.00034310359142411767,0.03,Aman,3.0
2022-06-21 09:19:00,-8.110366583040145,114.0223542761097,2.07,25,"Gunung Raung, Banyuwangi",0.01874643984355767,1.87,Aman,3.0
2022-06-21 22:20:00,-8.09994620505252,112.9124623373759,2.07,2,"Gunung Semeru, Lumajang",0.00024436816755819417,0.02,Aman,3.0
2022-06-23 14:56:00,-8.091519125725263,112.9175025882216,1.24,4,"Gunung Semeru, Lumajang",0.014966212469321236,1.5,Aman,3.0
2022-06-25 18:34:00,-7.949347957883684,112.3034303883766,1.41,17,"Gunung Kelud, Kediri",0.006611587276117932,0.66,Aman,3.0
2022-06-27 01:05:00,-7.965297581918112,113.0165819090515,3.34,14,"Gunung Bromo, Probolinggo",0.11702191597984339,11.7,Aman,5.076516068372272
2022-06-27 14:13:00,-8.070270464861428,112.8782337072164,2.68,30,"Gunung Semeru, Lumajang",0.003959318733026057,0.4,Aman,3.609392715363734
2022-06-27 20:23:00,-8.14496012544686,112.8862236863223,2.69,66,"Gunung Semeru, Lumajang",0.011892871854799626,1.19,Aman,3.641269473680637
2022-06-28 17:20:00,-8.121484073367833,114.0484297513554,3.65,7,"Gunung Raung, Banyuwangi",0.34028496206214354,34.03,Aman,6.29824383335297
2022-06-29 01:50:00,-8.102997226022607,114.0314825042694,1.78,9,"Gunung Raung, Banyuwangi",0.017092412082057896,1.71,Aman,3.0
2022-07-02 14:59:00,-7.935135760969717,112.2920649620595,1.11,8,"Gunung Kelud, Kediri",0.0018243955752215513,0.18,Aman,3.0
2022-07-04 07:27:00,-8.0652584999848,114.3098600680935,2.55,68,"Gunung Ijen, Banyuwangi",0.013466157662667436,1.35,Aman,3.3995119588795433
2022-07-05 17:32:00,-8.111216304734137,114.0439778556326,3.18,14,"Gunung Raung, Banyuwangi",0.20102736460812365,20.1,Aman,4.951658695961902
2022-07-09 13:40:00,-8.172295758502516,114.005992274245,2.5,1,"Gunung Raung, Banyuwangi",0.1611059510999018,16.11,Aman,3.5560517696359097
2022-07-09 14:58:00,-7.937198360909793,112.3424234886226,4.98,19,"Gunung Kelud, Kediri",0.3187810673323377,31.88,Aman,9.346045600213904
2022-07-11 14:51:00,-7.958389786126979,112.3289551919236,5.0,45,"Gunung Kelud, Kediri",0.2613934072098422,26.14,Aman,9.162355357780385
2022-07-15 02:25:00,-8.132472228995923,114.0440406028739,1.44,3,"Gunung Raung, Banyuwangi",0.004973035191771005,0.5,Aman,3.0
2022-07-15 15:06:00,-8.145695072663505,112.9113153627072,3.51,34,"Gunung Semeru, Lumajang",0.007203475455134686,0.72,Aman,5.134056645146225
2022-07-15 19:09:00,-7.964588580319218,112.2766180958661,2.43,13,"Gunung Kelud, Kediri",0.007102327861261025,0.71,Aman,3.1829343025847256
2022-07-21 17:00:00,-8.096569349746613,112.9115729912918,1.35,18,"Gunung Semeru, Lumajang",0.013525902857004833,1.35,Aman,3.0
2022-07-21 17:53:00,-8.079048255383215,114.2244582532632,1.44,8,"Gunung Ijen, Bondowoso",0.00618711974383329,0.62,Aman,3.0
2022-07-22 06:51:00,-7.964053953921196,112.9954396243095,3.65,53,"Gunung Bromo, Probolinggo",0.19392345169251857,19.39,Aman,5.904351424920173
2022-07-22 09:36:00,-7.859051597637022,112.3590002175513,2.91,7,"Gunung Kelud, Kediri",0.2576085664655749,25.76,Aman,4.52563510314231
2022-07-23 06:12:00,-7.94030132165171,112.9620164116332,2.43,17,"Gunung Bromo, Probolinggo",0.105784023975603,10.58,Aman,3.339427248280364
2022-07-27 01:57:00,-8.098916605468206,114.0788089419733,3.03,37,"Gunung Raung, Banyuwangi",0.15921846817004684,15.92,Aman,4.561860573210044
2022-07-29 04:39:00,-8.05096680598716,112.8663529468672,5.45,26,"Gunung Semeru, Lumajang",0.17694224245158574,17.69,Aman,9.865801290975343
2022-07-30 10:00:00,-7.910784969069001,112.3036672224124,2.89,1,"Gunung Kelud, Kediri",0.4365307358889879,43.65,Aman,4.840710319532648
2022-07-30 10:42:00,-7.956234923304585,112.9425014918082,2.03,2,"Gunung Bromo, Probolinggo",0.11927913760893462,11.93,Aman,3.0
2022-07-31 00:11:00,-8.091139495699084,112.883768045916,2.21,46,"Gunung Semeru, Lumajang",0.0034015731096160846,0.34,Aman,3.0
2022-08-02 06:14:00,-8.117361451307481,112.9727989391826,5.35,43,"Gunung Semeru, Lumajang",0.2851519673835279,28.52,Aman,10.109856886241444
2022-08-03 04:37:00,-7.984089151795017,112.2637072048601,5.16,20,"Gunung Kelud, Kediri",0.16869888529757082,16.87,Aman,9.154062487674015
2022-08-09 21:20:00,-7.94909800717353,112.3284818558736,1.28,17,"Gunung Kelud, Kediri",0.013407484818844306,1.34,Aman,3.0
2022-08-10 02:43:00,-8.057045933088201,114.1918632911181,3.7,35,"Gunung Ijen, Banyuwangi",0.1508215276864175,15.08,Aman,5.891645674266362
2022-08-10 10:34:00,-8.070855651476757,113.9747804397109,2.78,53,"Gunung Raung, Banyuwangi",0.0007061917179629485,0.07,Aman,3.779301633607316
2022-08-18 17:09:00,-8.137597858248776,114.0027311574262,5.18,27,"Gunung Raung, Banyuwangi",0.321257846236597,32.13,Aman,9.84741128019847
2022-08-19 18:50:00,-7.92480970397262,112.9342631103027,3.34,17,"Gunung Bromo, Probolinggo",0.2987148588581435,29.87,Aman,5.512206949543254
2022-08-24 03:35:00,-8.138955700027742,114.0207801494476,2.56,1,"Gunung Raung, Banyuwangi",0.276072192934089,27.61,Aman,3.862495551296628
2022-08-26 16:41:00,-8.17841878115968,114.1043535845056,5.46,62,"Gunung Raung, Banyuwangi",0.015358668353896586,1.54,Aman,9.155304378957014
2022-08-28 10:42:00,-7.870420004616254,113.0082995784332,2.15,37,"Gunung Bromo, Probolinggo",0.0008897127445999415,0.09,Aman,3.0
2022-08-30 07:19:00,-8.101474590542788,114.1746311040341,3.28,61,"Gunung Ijen, Banyuwangi",0.21417889339138077,21.42,Aman,5.185835157573958
2022-08-30 14:11:00,-8.092520136656216,112.9351243128617,1.37,2,"Gunung Semeru, Lumajang",0.009417871621937437,0.94,Aman,3.0
2022-08-31 09:11:00,-7.945561844139468,112.9537081003802,1.44,12,"Gunung Bromo, Probolinggo",0.01940447265400487,1.94,Aman,3.0
2022-08-31 11:15:00,-8.105094648352521,114.1083084236129,2.56,48,"Gunung Raung, Banyuwangi",0.0001,0.01,Aman,3.394170613801835
2022-09-01 14:37:00,-8.103611631905009,114.0559746660739,1.06,19,"Gunung Raung, Banyuwangi",0.04602850981126265,4.6,Aman,3.0
2022-09-03 05:39:00,-7.969075940458017,112.9019390962545,5.41,22,"Gunung Bromo, Probolinggo",0.057627557614096464,5.76,Aman,9.236197622232673
2022-09-05 11:59:00,-8.132297152241305,114.0373287993069,1.17,9,"Gunung Raung, Banyuwangi",0.0004744177032039759,0.05,Aman,3.0
2022-09-05 21:44:00,-7.908689697605761,112.3351883400021,5.09,33,"Gunung Kelud, Kediri",0.2905890847495747,29.06,Aman,9.498396794627988
2022-09-06 18:50:00,-8.153370871948999,112.9536839000561,2.44,61,"Gunung Semeru, Lumajang",0.008031767436757103,0.8,Aman,3.201454675727932
2022-09-08 03:25:00,-8.103093145457777,112.9198261310507,3.17,16,"Gunung Semeru, Lumajang",0.11974346874080649,11.97,Aman,4.749308173464678
2022-09-11 03:46:00,-7.936549112329679,112.9322861660592,2.52,10,"Gunung Bromo, Probolinggo",0.21380080390350295,21.38,Aman,3.6806900585879174
2022-09-11 03:49:00,-7.870628696602679,112.2819913976342,3.25,41,"Gunung Kelud, Kediri",0.02042510996718355,2.04,Aman,4.675856032032609
2022-09-13 08:26:00,-7.994216989665819,114.1991440551696,5.41,68,"Gunung Ijen, Banyuwangi",0.2879443578057127,28.79,Aman,10.27003461300309
2022-09-13 11:45:00,-7.903345720611006,112.3776631216812,5.66,8,"Gunung Kelud, Kediri",0.40257517968790807,40.26,Aman,11.436900717745678
2022-09-19 00:30:00,-8.04773869110053,112.9195067577013,5.01,58,"Gunung Semeru, Lumajang",0.17913769261239282,17.91,Aman,8.852047195258422
2022-09-21 18:29:00,-7.998923325078577,112.2567807692791,3.79,59,"Gunung Kelud, Kediri",0.0036746380981305983,0.37,Aman,5.662760295572409
2022-09-25 01:38:00,-8.100834585917342,112.904878263463,4.44,64,"Gunung Semeru, Lumajang",0.1903592132633921,19.04,Aman,7.604719668175759
2022-09-25 08:22:00,-7.998796951410579,112.9185025824891,4.42,63,"Gunung Bromo, Probolinggo",0.005644944533695127,0.56,Aman,6.922660087602914
2022-09-25 18:11:00,-8.126977198878429,112.9138191987842,2.9,21,"Gunung Semeru, Lumajang",0.07438099125331686,7.44,Aman,4.139767261545884
2022-09-28 13:21:00,-7.923390391156519,112.3067147393035,3.87,6,"Gunung Kelud, Kediri",0.36516624234142764,36.52,Aman,6.868405552107785
2022-10-03 01:38:00,-7.972056007868172,112.2964058616427,4.71,45,"Gunung Kelud, Kediri",0.1532389807567113,15.32,Aman,8.07215359552519
2022-10-05 06:43:00,-8.130804412010754,114.0641363771669,4.41,7,"Gunung Raung, Banyuwangi",0.42656284952694584,42.66,Aman,8.350869845688
2022-10-05 07:42:00,-7.953120543989471,112.9306802578316,3.33,14,"Gunung Bromo, Probolinggo",0.11813376668346555,11.81,Aman,5.059421844997755
2022-10-05 08:56:00,-7.885866609616146,112.9650242144303,4.83,40,"Gunung Bromo, Probolinggo",0.062486079975010794,6.25,Aman,7.988997779097249
2022-10-05 17:27:00,-8.109960666189982,114.0703534888758,5.78,61,"Gunung Raung, Banyuwangi",0.2438388833067546,24.38,Aman,10.976600646708423
2022-10-06 12:36:00,-7.974521101312773,113.0135680972796,4.03,55,"Gunung Bromo, Probolinggo",0.12872352999244283,12.87,Aman,6.516071258277605
2022-10-08 12:13:00,-7.941284632866044,112.9418820184221,3.22,16,"Gunung Bromo, Probolinggo",0.23435530679983874,23.44,Aman,5.108987889825023
2022-10-10 00:20:00,-8.058897114579047,114.2336579152858,2.94,16,"Gunung Ijen, Bondowoso",0.03420168041526743,3.42,Aman,4.132525504932426
2022-10-13 17:47:00,-8.116973790511711,112.9163286074816,2.98,1,"Gunung Semeru, Lumajang",0.523544348213685,52.35,Aman,5.217495569698127
2022-10-14 14:32:00,-8.110809881148322,114.2643500987013,5.01,13,"Gunung Ijen, Banyuwangi",0.2549389038550637,25.49,Aman,9.159965277558891
2022-10-15 12:21:00,-7.900538257138138,112.2788685227812,4.13,44,"Gunung Kelud, Kediri",0.2893962123224486,28.94,Aman,7.23479169635989
2022-10-17 21:38:00,-8.065189993375833,112.9756686102681,2.33,28,"Gunung Semeru, Lumajang",0.007625668713887323,0.76,Aman,3.01450106361087
2022-10-23 12:01:00,-7.915910872880099,112.3148904566563,1.76,2,"Gunung Kelud, Kediri",0.061682569616717565,6.17,Aman,3.0
2022-10-27 17:54:00,-7.893606263718017,113.0073045563935,3.79,33,"Gunung Bromo, Probolinggo",0.031594655712927355,3.16,Aman,5.741667501460299
2022-10-28 22:20:00,-8.101825741580274,114.0298962518943,2.8,17,"Gunung Raung, Banyuwangi",0.023821250556198947,2.38,Aman,3.8587584797049126
2022-10-30 21:35:00,-8.161619460961075,112.9794226935545,2.82,52,"Gunung Semeru, Lumajang",0.011169396549028614,1.12,Aman,3.870280991776805
2022-11-02 05:55:00,-7.90078230546335,112.8938020982786,4.36,13,"Gunung Bromo, Probolinggo",0.059283472320762885,5.93,Aman,6.982622673104711
2022-11-02 06:12:00,-7.984359362288981,112.9520439859276,4.89,43,"Gunung Bromo, Probolinggo",0.12263845421858555,12.26,Aman,8.35502106023207
2022-11-03 08:49:00,-8.079135270271653,114.2218270576321,3.75,2,"Gunung Ijen, Bondowoso",0.6069965079030186,60.7,Aman,7.2669320918386955
2022-11-03 11:31:00,-7.899727177962903,112.8918681499543,2.87,58,"Gunung Bromo, Probolinggo",0.03688298483431924,3.69,Aman,4.010352524834862
2022-11-04 05:19:00,-8.115549121861777,114.0741115353676,3.74,14,"Gunung Raung, Banyuwangi",0.2309265489000652,23.09,Aman,6.197097927462985
2022-11-07 05:51:00,-8.13114692389815,112.9035975786973,2.14,25,"Gunung Semeru, Lumajang",0.06457512933990196,6.46,Aman,3.0
2022-11-07 17:28:00,-7.931266766346668,112.9322956785745,2.22,14,"Gunung Bromo, Probolinggo",0.10295041532683336,10.3,Aman,3.0
2022-11-08 11:48:00,-8.070935203625691,114.2264665049659,1.38,3,"Gunung Ijen, Bondowoso",0.027570480044301016,2.76,Aman,3.0
2022-11-09 21:21:00,-8.102013415378096,112.980625825374,2.3,0,"Gunung Semeru, Lumajang",0.38530091879921063,38.53,Aman,3.521756838833286
2022-11-09 22:42:00,-8.079993558505812,114.2516426247713,2.46,7,"Gunung Ijen, Bondowoso",0.008969619626151885,0.9,Aman,3.237121593729753
2022-11-10 17:55:00,-8.13193327164219,114.0575897605576,1.8,3,"Gunung Raung, Banyuwangi",0.015013728499270499,1.5,Aman,3.0
2022-11-12 13:19:00,-8.139753771002612,114.0956315070495,3.53,19,"Gunung Raung, Banyuwangi",0.046881093490283667,4.69,Aman,5.274359596464153
2022-11-12 19:18:00,-8.107953463374733,114.1999741141021,3.53,16,"Gunung Ijen, Banyuwangi",0.14412341011027938,14.41,Aman,5.524931526352135
2022-11-12 23:32:00,-7.935957170869551,112.3150062720951,1.79,16,"Gunung Kelud, Kediri",0.1483219818956983,14.83,Aman,3.0
2022-11-15 03:54:00,-8.1211543112609,114.1066390272027,5.61,61,"Gunung Raung, Banyuwangi",0.08341805666698662,8.34,Aman,9.803883633314973
2022-11-15 14:09:00,-7.929382061246758,112.3733075246096,4.92,42,"Gunung Kelud, Kediri",0.047553788442596855,4.76,Aman,8.123813735705633
2022-11-20 01:46:00,-7.860283064033217,112.354036927631,5.79,9,"Gunung Kelud, Kediri",0.4802614229805134,48.03,Aman,12.160448579437169
2022-11-24 14:13:00,-8.099627658005607,112.9210164430378,1.92,3,"Gunung Semeru, Lumajang",0.14168797029070743,14.17,Aman,3.0
2022-11-25 03:24:00,-8.160814178768735,112.8811450726763,4.31,50,"Gunung Semeru, Lumajang",0.0036100924768039193,0.36,Aman,6.69273556701617
2022-11-27 13:39:00,-8.138418442032208,113.9817200242912,4.93,67,"Gunung Raung, Banyuwangi",0.2068799328019106,20.69,Aman,8.779094118957905
2022-11-28 04:18:00,-7.891893065683884,112.8797505288383,2.16,24,"Gunung Bromo, Probolinggo",0.0024090991318631576,0.24,Aman,3.0
2022-11-29 11:23:00,-8.10842047459957,114.3067442783609,3.2,50,"Gunung Ijen, Banyuwangi",0.0001,0.01,Aman,4.536455823187813
2022-11-30 23:14:00,-7.952835833623189,112.8932600308217,4.53,9,"Gunung Bromo, Probolinggo",0.04806300913936631,4.81,Aman,7.298623827987561
2022-12-01 02:39:00,-7.946245327009402,112.9595738820773,3.93,17,"Gunung Bromo, Probolinggo",0.29364075217430186,29.36,Aman,6.79525433270188
2022-12-01 09:16:00,-7.932298449846623,112.2979928695729,2.92,5,"Gunung Kelud, Kediri",0.19779534463987766,19.78,Aman,4.425424749504061
2022-12-03 11:38:00,-8.161257044093702,112.8668213418293,2.12,9,"Gunung Semeru, Lumajang",0.0022059777725297746,0.22,Aman,3.0
2022-12-05 11:48:00,-8.010360375098834,114.2321125926052,3.69,59,"Gunung Ijen, Banyuwangi",0.1908552510806551,19.09,Aman,5.980231072539886
2022-12-05 12:11:00,-8.141732252021846,113.9927001308411,2.21,4,"Gunung Raung, Banyuwangi",0.19572112471636902,19.57,Aman,3.0779186723337646
2022-12-08 13:29:00,-7.922658763934797,112.9668662460881,2.52,11,"Gunung Bromo, Probolinggo",0.10815427650081627,10.82,Aman,3.5050409566227554
2022-12-11 03:11:00,-8.07723369596493,114.2380817965378,3.41,6,"Gunung Ijen, Bondowoso",0.4262747954066938,42.63,Aman,5.97710222773448
2022-12-11 19:00:00,-7.939022342498498,113.0037961814771,3.56,33,"Gunung Bromo, Probolinggo",0.2328794719385588,23.29,Aman,5.817284216203694
2022-12-12 20:31:00,-7.928824120921118,112.9317910738541,2.09,15,"Gunung Bromo, Probolinggo",0.10467411696542674,10.47,Aman,3.0
2022-12-15 20:19:00,-8.17799702562909,112.9781728850939,5.76,36,"Gunung Semeru, Lumajang",0.266112268399258,26.61,Aman,11.035719538321507
2022-12-17 11:59:00,-7.969019392441977,112.319758518514,5.99,41,"Gunung Kelud, Kediri",0.23918862953529485,23.92,Aman,11.474018706287417
2022-12-17 12:19:00,-8.05719292550835,112.8846537386929,3.44,62,"Gunung Semeru, Lumajang",0.0024820773671293873,0.25,Aman,4.989587205697696
2022-12-17 13:35:00,-8.054392941748072,112.9668315390026,2.79,37,"Gunung Semeru, Lumajang",0.017885731704283838,1.79,Aman,3.8295878629760365
2022-12-17 21:23:00,-8.152362455965262,112.9605198234528,3.13,35,"Gunung Semeru, Lumajang",0.02463012563485121,2.46,Aman,4.461936011876781
2022-12-18 01:22:00,-8.156610627784293,112.9064919990321,2.92,9,"Gunung Semeru, Lumajang",0.09154313228145841,9.15,Aman,4.211477999909159
2022-12-21 05:50:00,-7.936879583782253,112.9604487393465,1.52,3,"Gunung Bromo, Probolinggo",0.002432365643164808,0.24,Aman,3.0
2022-12-21 09:19:00,-8.066347934740596,114.2327668222108,5.93,11,"Gunung Ijen, Banyuwangi",1.0,100.0,Terdampak,15.172682166571313
2022-12-21 09:32:00,-8.04520323357718,114.2504364293111,2.8,7,"Gunung Ijen, Bondowoso",0.40391217101991306,40.39,Aman,4.583466287766084
2022-12-22 15:48:00,-8.084687061148209,114.2707420923038,4.3,21,"Gunung Ijen, Banyuwangi",0.24366131143889053,24.37,Aman,7.4719902382927765
2022-12-25 17:46:00,-8.005799811976894,112.9504384266205,3.38,31,"Gunung Bromo, Probolinggo",0.1351401704359193,13.51,Aman,5.1998175576725085
2022-12-27 11:44:00,-7.87925594506626,112.3212866050442,3.74,42,"Gunung Kelud, Kediri",0.0010239039352442818,0.1,Aman,5.558471252222513
2022-12-30 18:34:00,-8.196921154037401,114.0526751866695,3.29,22,"Gunung Raung, Banyuwangi",0.02083408104896877,2.08,Aman,4.751769102076941
2023-01-02 18:11:00,-8.080182448284257,113.9967946239974,2.16,31,"Gunung Raung, Banyuwangi",0.027153476131773168,2.72,Aman,3.0
2023-01-05 12:01:00,-7.923955189158407,112.9675009307056,2.8,19,"Gunung Bromo, Probolinggo",0.11137357485453206,11.14,Aman,4.025691835954245
2023-01-05 14:06:00,-8.13952990467762,114.0987329891958,2.29,57,"Gunung Raung, Banyuwangi",0.015808134207043478,1.58,Aman,3.0
2023-01-07 21:34:00,-8.1662661660408,112.9367299666397,5.23,61,"Gunung Semeru, Lumajang",0.030253370717443554,3.03,Aman,8.721123569784655
2023-01-16 18:47:00,-8.134721842258031,112.9375979441264,4.87,54,"Gunung Semeru, Lumajang",0.10433819682860747,10.43,Aman,8.238975136590813
2023-01-18 10:43:00,-7.940390326146277,112.9697344971878,1.23,5,"Gunung Bromo, Probolinggo",0.003879406999348902,0.39,Aman,3.0
2023-01-23 16:00:00,-7.863418455355519,112.2774760930109,4.98,32,"Gunung Kelud, Kediri",0.20200744758932346,20.2,Aman,8.875379528976817
2023-01-24 06:55:00,-8.063081449499263,112.9571292415429,5.98,46,"Gunung Semeru, Lumajang",0.2946465310420049,29.46,Aman,11.732683072782283
2023-01-24 08:09:00,-7.934141856532235,112.319096103741,2.09,19,"Gunung Kelud, Kediri",0.0345277359071302,3.45,Aman,3.0
2023-01-25 10:12:00,-7.963421575316459,112.2780435711628,2.25,40,"Gunung Kelud, Kediri",0.006354886458682668,0.64,Aman,3.0
2023-02-02 00:40:00,-8.02620669453503,114.1745271484799,5.08,38,"Gunung Ijen, Banyuwangi",0.29787895711013457,29.79,Aman,9.504296546347312
2023-02-05 06:20:00,-7.980185731352319,112.358314769575,4.49,29,"Gunung Kelud, Kediri",0.11644981300272828,11.64,Aman,7.455868199778011
2023-02-05 06:27:00,-8.110785502030163,112.9094296978397,3.39,2,"Gunung Semeru, Lumajang",0.7334933610256366,73.35,Terdampak,6.682633376173636
2023-02-07 18:50:00,-7.950543674305526,112.9692033850888,3.6,17,"Gunung Bromo, Probolinggo",0.292833727218342,29.28,Aman,6.06088183354435
2023-02-07 23:39:00,-8.053575169036726,114.2430186735227,3.29,13,"Gunung Ijen, Bondowoso",0.1568540633809374,15.69,Aman,5.071605131848669
2023-02-08 01:18:00,-8.078564142235265,114.1855264138557,5.69,41,"Gunung Ijen, Banyuwangi",0.3167431847280241,31.67,Aman,11.104367970420597
2023-02-09 01:17:00,-8.046046854692253,114.2527912577698,2.52,14,"Gunung Ijen, Bondowoso",0.3163205726439079,31.63,Aman,3.851140576514457
2023-02-11 19:23:00,-8.098460943534464,114.0862517748038,3.94,23,"Gunung Raung, Banyuwangi",0.19480250198407972,19.48,Aman,6.523948729038345
2023-02-20 22:05:00,-7.951837317365761,112.2981249906647,4.01,27,"Gunung Kelud, Kediri",0.22302922859825766,22.3,Aman,6.760874302066006
2023-02-21 09:28:00,-7.903707878009439,112.3393059854614,4.44,10,"Gunung Kelud, Kediri",0.3640161315280908,36.4,Aman,8.207640035686977
2023-02-23 01:06:00,-7.920230702757982,112.2672198098801,4.87,13,"Gunung Kelud, Kediri",0.2748525440373007,27.49,Aman,8.906578599381
2023-02-23 09:49:00,-7.886711600500708,112.2715225669001,2.02,53,"Gunung Kelud, Kediri",0.023893766766501828,2.39,Aman,3.0
2023-02-24 09:12:00,-8.104000713094964,114.0902689116643,2.2,21,"Gunung Raung, Banyuwangi",0.019383346664585233,1.94,Aman,3.0
2023-02-25 00:48:00,-8.032250174400717,114.186938540722,2.06,46,"Gunung Ijen, Banyuwangi",0.008675972687932186,0.87,Aman,3.0
2023-02-28 03:40:00,-8.086843592160676,112.9495770774506,5.95,13,"Gunung Semeru, Lumajang",0.6348478162372546,63.48,Aman,13.384359589507744
2023-02-28 05:52:00,-8.083556219241332,114.0337075023191,3.02,52,"Gunung Raung, Banyuwangi",0.00022001529225452492,0.02,Aman,4.207816564499148
2023-02-28 21:48:00,-7.948537839911605,112.9551366039225,1.07,5,"Gunung Bromo, Probolinggo",0.020678655145682755,2.07,Aman,3.0
2023-03-04 21:28:00,-8.114408285752258,114.0382641183164,3.04,1,"Gunung Raung, Banyuwangi",0.4950006734972218,49.5,Aman,5.29390727545403
2023-03-05 08:04:00,-8.129859588972066,114.0164649877049,5.3,16,"Gunung Raung, Banyuwangi",0.38215940293815076,38.22,Aman,10.41116798446781
2023-03-07 13:27:00,-8.110408340292818,112.8584880336243,3.59,28,"Gunung Semeru, Lumajang",0.025538997183053556,2.55,Aman,5.334987380212045
2023-03-09 20:43:00,-8.089477750900244,112.9766029792157,5.02,0,"Gunung Semeru, Lumajang",1.0,100.0,Terdampak,12.218167970496001
2023-03-12 08:11:00,-7.987653728293147,112.9763633219851,5.86,27,"Gunung Bromo, Probolinggo",0.5290642621790006,52.91,Aman,12.594959340639141
2023-03-15 11:01:00,-8.048148891756885,114.3053810807538,5.45,35,"Gunung Ijen, Banyuwangi",0.24554587218233515,24.55,Aman,10.176709759544082
2023-03-22 08:15:00,-7.920166508660455,112.2967004275749,1.83,2,"Gunung Kelud, Kediri",0.04550265559246363,4.55,Aman,3.0
2023-03-23 23:28:00,-8.065927097975289,112.8932907248148,3.32,52,"Gunung Semeru, Lumajang",0.023820264807736104,2.38,Aman,4.81527897717539
2023-03-24 19:09:00,-7.86972251220103,112.3373213369606,4.92,2,"Gunung Kelud, Kediri",0.5063006818305679,50.63,Aman,9.943924315829703
2023-03-25 00:44:00,-7.91541003766745,112.9393866372464,5.72,4,"Gunung Bromo, Probolinggo",0.82750358953063,82.75,Terdampak,13.645454533479489
2023-03-28 00:34:00,-7.894859428274992,112.3616848059838,5.78,10,"Gunung Kelud, Kediri",0.6624030914739275,66.24,Aman,13.024168407583474
2023-03-29 16:27:00,-8.131205829675501,112.8862455824826,4.52,41,"Gunung Semeru, Lumajang",0.02190656101436061,2.19,Aman,7.184739909626087
2023-04-02 11:46:00,-8.091708464334888,112.9594008539992,4.91,6,"Gunung Semeru, Lumajang",0.714789120024306,71.48,Terdampak,10.742665277943495
2023-04-05 03:12:00,-7.945605799500154,112.9594138657089,2.0,4,"Gunung Bromo, Probolinggo",0.2950194964310358,29.5,Aman,3.0
2023-04-05 03:42:00,-8.17292921400069,113.97490295597,3.5,19,"Gunung Raung, Banyuwangi",0.007247820979870915,0.72,Aman,5.115162759780315
2023-04-10 23:02:00,-8.110893405956103,112.9315253187775,3.42,50,"Gunung Semeru, Lumajang",0.02569616721921404,2.57,Aman,5.009313919959816
2023-04-11 01:07:00,-8.082079532904707,114.2867897720882,5.78,28,"Gunung Ijen, Banyuwangi",0.4227160410732274,42.27,Aman,11.851647041629285
2023-04-14 16:15:00,-8.117733114063924,113.9945547938077,3.3,46,"Gunung Raung, Banyuwangi",0.0006126072790820788,0.06,Aman,4.722817104602844
2023-04-15 13:45:00,-8.074442116637725,114.1062152480909,2.22,48,"Gunung Raung, Banyuwangi",0.011972096483998386,1.2,Aman,3.0
2023-04-18 13:07:00,-8.068141226477042,114.2425508540174,1.03,6,"Gunung Ijen, Bondowoso",0.03175235393370103,3.18,Aman,3.0
2023-04-20 04:46:00,-8.111853268283905,114.270279253947,5.11,18,"Gunung Ijen, Banyuwangi",0.224774473200028,22.48,Aman,9.27263505179427
2023-04-20 16:47:00,-8.13788323625607,114.0214934213549,2.35,12,"Gunung Raung, Banyuwangi",0.1828216320687883,18.28,Aman,3.3141829164990466
2023-04-21 20:00:00,-8.114241583302606,114.2940027048282,5.56,26,"Gunung Ijen, Banyuwangi",0.25545042525262046,25.55,Aman,10.490604618061273
2023-05-01 03:48:00,-7.921085923241636,112.9573253569097,2.08,1,"Gunung Bromo, Probolinggo",0.22684069124006315,22.68,Aman,3.0
2023-05-04 14:14:00,-7.936238276582847,112.3002155825124,1.36,18,"Gunung Kelud, Kediri",0.017512939419045193,1.75,Aman,3.0
2023-05-05 00:49:00,-7.960833648023222,112.3155913079938,2.89,0,"Gunung Kelud, Kediri",0.23843324046908373,23.84,Aman,4.44714557757062
2023-05-06 14:16:00,-8.084295716091082,112.9511707459142,3.38,38,"Gunung Semeru, Lumajang",0.28100833148332277,28.1,Aman,5.555057853097625
2023-05-06 20:24:00,-8.024709080058711,114.2836992235907,5.73,7,"Gunung Ijen, Banyuwangi",0.441794918553262,44.18,Aman,11.810824017180572
2023-05-10 20:38:00,-7.959492874403963,112.9615027816912,2.62,6,"Gunung Bromo, Probolinggo",0.014266702363324946,1.43,Aman,3.5227243111196063
2023-05-15 06:17:00,-7.885945967096621,112.2933962835747,4.82,56,"Gunung Kelud, Kediri",0.29117098556542387,29.12,Aman,8.850924883790663
2023-05-16 08:27:00,-7.878219402965875,112.3771104134181,2.22,16,"Gunung Kelud, Kediri",0.2072901662838304,20.73,Aman,3.112349067222552
2023-05-18 17:57:00,-8.073028166174094,114.2305476902215,2.7,10,"Gunung Ijen, Bondowoso",0.19569698425149948,19.57,Aman,3.99314704527286
2023-05-20 01:08:00,-8.120792794620368,114.2923585053747,5.68,38,"Gunung Ijen, Banyuwangi",0.18544018977306692,18.54,Aman,10.451094294450428
2023-05-20 16:34:00,-8.149918770671853,112.9245388778269,5.92,32,"Gunung Semeru, Lumajang",0.31949384494232297,31.95,Aman,11.705270314341425
2023-05-22 17:01:00,-8.070124052553412,114.2480491798203,4.82,11,"Gunung Ijen, Banyuwangi",0.5575949195063314,55.76,Aman,9.880135816283785
2023-05-23 19:51:00,-7.91669860703499,112.2964255373329,1.18,17,"Gunung Kelud, Kediri",0.0013928653452123891,0.14,Aman,3.0
2023-05-27 09:31:00,-8.090111676490695,114.176983588999,5.84,55,"Gunung Ijen, Banyuwangi",0.3535616022335882,35.36,Aman,11.668963344899357
2023-05-31 02:11:00,-8.088156861167198,114.245016777476,3.09,3,"Gunung Ijen, Banyuwangi",0.29395823336616145,29.4,Aman,4.971661297086363
2023-05-31 21:05:00,-8.067088866106308,114.2354886544614,3.48,58,"Gunung Ijen, Banyuwangi",0.22605210522796204,22.61,Aman,5.630647596182186
2023-06-01 06:18:00,-7.886161128257364,112.9519481926507,3.57,31,"Gunung Bromo, Probolinggo",0.05580926648810899,5.58,Aman,5.375532656786688
2023-06-07 15:26:00,-8.065958952306707,114.228754625913,3.53,70,"Gunung Ijen, Banyuwangi",0.19206489554721007,19.21,Aman,5.6484661247160535
2023-06-08 17:25:00,-8.17016318418077,114.0021711760669,5.01,47,"Gunung Raung, Banyuwangi",0.15921846817004787,15.92,Aman,8.771131741657506
2023-06-09 09:40:00,-7.901578937688655,112.9953617120858,4.53,60,"Gunung Bromo, Probolinggo",0.04650676098632728,4.65,Aman,7.29307787075805
2023-06-10 23:24:00,-8.089302540068383,112.9000212127889,5.34,58,"Gunung Semeru, Lumajang",0.2649770697354358,26.5,Aman,9.996257804939738
2023-06-11 18:04:00,-8.009654510256118,112.9580363505543,5.05,25,"Gunung Bromo, Probolinggo",0.23699926093486617,23.7,Aman,9.181521097844893
2023-06-14 17:57:00,-8.12627702035104,112.9275626777691,1.92,17,"Gunung Semeru, Lumajang",0.07049920282737093,7.05,Aman,3.0
2023-06-15 06:21:00,-7.953559179922196,112.9604410624079,3.43,3,"Gunung Bromo, Probolinggo",0.655091497318448,65.51,Aman,6.590704685442857
2023-06-15 17:22:00,-8.047371591609558,114.2387350956738,2.85,19,"Gunung Ijen, Bondowoso",0.1391519402112645,13.92,Aman,4.173591653426491
2023-06-20 18:19:00,-7.994123523581534,114.1710226154198,3.75,47,"Gunung Ijen, Banyuwangi",0.31680470586114273,31.68,Aman,6.458030310553663
2023-06-22 19:14:00,-8.167254090446093,112.9274865831368,2.65,10,"Gunung Semeru, Lumajang",0.0001,0.01,Aman,3.550106243363799
2023-06-23 12:10:00,-8.11947662086569,114.0314814620501,3.89,11,"Gunung Raung, Banyuwangi",0.21600805800251943,21.6,Aman,6.478520261112458
2023-06-27 20:04:00,-7.900326864107259,112.3484974280847,3.31,18,"Gunung Kelud, Kediri",0.02264171480547955,2.26,Aman,4.793639342990509
2023-06-28 01:57:00,-8.0578073814888,114.2937494258785,2.98,69,"Gunung Ijen, Banyuwangi",0.07778973030102794,7.78,Aman,4.295885951155836
2023-06-30 08:13:00,-7.923298056103848,112.3234647914798,1.05,12,"Gunung Kelud, Kediri",0.011972177231596265,1.2,Aman,3.0
2023-07-01 16:35:00,-8.068332820178993,114.2418587140553,1.13,3,"Gunung Ijen, Bondowoso",0.13360875737181943,13.36,Aman,3.0
2023-07-02 10:41:00,-7.897726800059544,112.2778857443992,4.75,23,"Gunung Kelud, Kediri",0.283699892500404,28.37,Aman,8.65587006038649
2023-07-02 17:31:00,-8.109573857135437,112.9135144767498,3.77,13,"Gunung Semeru, Lumajang",0.48818469953680327,48.82,Aman,6.983873668058619
2023-07-03 21:10:00,-8.0428484234336,114.2535272359965,3.2,2,"Gunung Ijen, Bondowoso",0.4734093775590929,47.34,Aman,5.609975688193236
2023-07-04 01:26:00,-8.086789953394556,112.8555360662833,4.36,26,"Gunung Semeru, Lumajang",0.1557919990978172,15.58,Aman,7.309863986056126
2023-07-04 10:11:00,-8.160592990281195,112.8567757425087,5.81,63,"Gunung Semeru, Lumajang",0.015917362127027677,1.59,Aman,9.928227076023937
2023-07-10 13:44:00,-8.111263608486322,112.9204409497237,3.84,14,"Gunung Semeru, Lumajang",0.4631494191993532,46.31,Aman,7.08094716303445
2023-07-12 06:31:00,-8.091893174518697,112.9310553404775,5.18,23,"Gunung Semeru, Lumajang",0.4025555360446145,40.26,Aman,10.19229833743233
2023-07-17 00:49:00,-8.17663629799947,114.0708438919175,2.02,43,"Gunung Raung, Banyuwangi",0.014111203395768813,1.41,Aman,3.0
2023-07-19 16:50:00,-8.051027329343592,114.227364815996,2.36,9,"Gunung Ijen, Bondowoso",0.3789675372687014,37.9,Aman,3.631985650508517
2023-07-23 04:47:00,-7.882895652459474,112.3477741069565,5.82,32,"Gunung Kelud, Kediri",0.527992067556811,52.8,Aman,12.478017524913582
2023-07-23 21:23:00,-7.934835017911292,112.954428715455,2.56,2,"Gunung Bromo, Probolinggo",0.3993398114466734,39.93,Aman,4.071680756230755
2023-07-26 08:41:00,-7.893316336730768,112.2647588985071,3.89,26,"Gunung Kelud, Kediri",0.15421710383055443,15.42,Aman,6.297873829295154
2023-07-27 23:48:00,-8.200824569956701,114.0129990669001,3.49,8,"Gunung Raung, Banyuwangi",0.004023881745107821,0.4,Aman,5.087986520231692
2023-07-29 06:21:00,-7.963422601941877,112.8870058515354,3.4,26,"Gunung Bromo, Probolinggo",0.00605545928424461,0.61,Aman,4.923064568681432
2023-07-29 10:17:00,-8.003189153103905,114.2320448826874,2.28,40,"Gunung Ijen, Banyuwangi",0.008667650692424034,0.87,Aman,3.0
2023-07-30 12:21:00,-7.926025987701423,112.3481396093341,2.25,16,"Gunung Kelud, Kediri",0.21832104892664905,21.83,Aman,3.182963643061821
2023-07-31 04:43:00,-8.103725636486445,113.9764383969917,5.47,7,"Gunung Raung, Banyuwangi",0.334832131640174,33.48,Aman,10.631858549607072
2023-07-31 09:35:00,-8.181593425719417,114.0732216643603,4.37,10,"Gunung Raung, Banyuwangi",0.11965160004295643,11.97,Aman,7.208756494427996
2023-08-04 05:57:00,-7.99009740573159,114.2240381986261,3.8,11,"Gunung Ijen, Banyuwangi",0.2514848570166761,25.15,Aman,6.384953081362928
2023-08-05 11:12:00,-8.09891544718624,112.8594848250778,2.24,53,"Gunung Semeru, Lumajang",0.0014311382453820708,0.14,Aman,3.0
2023-08-06 22:47:00,-7.926545915117581,112.3029736656933,3.23,5,"Gunung Kelud, Kediri",0.2301221995770688,23.01,Aman,5.119905489670334
2023-08-15 18:56:00,-8.128644964084296,112.857978097647,4.32,20,"Gunung Semeru, Lumajang",0.02931486706579182,2.93,Aman,6.799051210305144
2023-08-16 09:44:00,-8.169047833837798,112.8699828891009,2.94,17,"Gunung Semeru, Lumajang",0.0001,0.01,Aman,4.063247190282534
2023-08-18 10:59:00,-7.871888131331882,112.2498041244827,5.17,39,"Gunung Kelud, Kediri",0.20356105462373575,20.36,Aman,9.324655558797382
2023-08-19 02:40:00,-8.009296768133684,112.926836342637,3.43,45,"Gunung Bromo, Probolinggo",0.00011070432927301825,0.01,Aman,4.964853001766931
2023-08-20 02:40:00,-7.947584242105604,112.2927724100215,5.16,21,"Gunung Kelud, Kediri",0.265979276346453,26.6,Aman,9.56468232269304
2023-08-20 18:48:00,-7.89596757539308,112.9853582956438,3.0,34,"Gunung Bromo, Probolinggo",0.0015457026308587638,0.15,Aman,4.174391203245441
2023-08-21 22:15:00,-8.0283634183437,114.2409770045739,3.79,22,"Gunung Ijen, Banyuwangi",0.04227383795665724,4.23,Aman,5.77184887325047
2023-08-28 12:24:00,-8.07886492480125,114.2317599758633,3.29,13,"Gunung Ijen, Bondowoso",0.024916208917509414,2.49,Aman,4.761367776831273
2023-09-02 09:05:00,-8.0435382151659,112.9821663959665,4.88,45,"Gunung Semeru, Lumajang",0.010250817119706034,1.03,Aman,7.891617373760442
2023-09-02 09:29:00,-8.044502883555326,112.9643019762156,2.76,13,"Gunung Semeru, Lumajang",0.004313431209829011,0.43,Aman,3.7507442122038994
2023-09-04 09:50:00,-8.091673135596247,112.9210423854274,3.43,10,"Gunung Semeru, Lumajang",0.27699189272005387,27.7,Aman,5.652152157928267
2023-09-05 02:59:00,-8.120521150096739,113.9687432121937,3.95,10,"Gunung Raung, Banyuwangi",0.2660367625553311,26.6,Aman,6.757922079054545
2023-09-07 11:12:00,-8.110185860752212,112.9381550410808,4.79,25,"Gunung Semeru, Lumajang",0.5061432578007119,50.61,Aman,9.603113559948554
2023-09-09 10:00:00,-8.116630846295099,112.9157900552392,3.17,10,"Gunung Semeru, Lumajang",0.495326166231207,49.53,Aman,5.590805270310401
2023-09-10 01:14:00,-8.173133363895317,113.9916130181271,4.96,20,"Gunung Raung, Banyuwangi",0.17001642159704594,17.0,Aman,8.70080036562419
2023-09-16 13:08:00,-8.069535760266332,112.9843737123966,2.9,60,"Gunung Semeru, Lumajang",0.014629536931673999,1.46,Aman,4.020523441112955
2023-09-17 20:50:00,-8.127827087809788,112.9278492052643,3.63,9,"Gunung Semeru, Lumajang",0.26800342166869,26.8,Aman,6.060274867564295
2023-09-18 04:01:00,-8.067267177004444,114.3072187898002,3.51,52,"Gunung Ijen, Banyuwangi",0.020077857391860594,2.01,Aman,5.16698694192115
2023-09-18 14:37:00,-7.95089035301153,112.2860438727606,3.33,17,"Gunung Kelud, Kediri",0.012733141110340695,1.27,Aman,4.807659545614711
2023-09-19 23:16:00,-7.913623786495513,112.3191316657571,3.38,5,"Gunung Kelud, Kediri",0.2786517977640652,27.87,Aman,5.549318864351915
2023-09-25 15:20:00,-8.113815739990246,114.2794305779331,5.13,11,"Gunung Ijen, Banyuwangi",0.3225439812609498,32.25,Aman,9.72941046490027
2023-09-25 18:35:00,-7.95634288503753,112.9490653359312,2.15,16,"Gunung Bromo, Probolinggo",0.1272096975688494,12.72,Aman,3.0
2023-09-27 04:50:00,-8.055855677408962,112.9515778555585,3.81,24,"Gunung Semeru, Lumajang",0.1477241557838154,14.77,Aman,6.1115444453742525
2023-09-27 16:07:00,-7.908549554978082,112.9496954997622,2.18,47,"Gunung Bromo, Probolinggo",0.00414087481122153,0.41,Aman,3.0
2023-09-30 11:48:00,-7.958102859170921,112.931334522648,2.36,4,"Gunung Bromo, Probolinggo",0.08172213150340131,8.17,Aman,3.1781791014462155
2023-10-01 01:16:00,-8.129819445093995,114.0478514145236,3.54,5,"Gunung Raung, Banyuwangi",0.2864184824839191,28.64,Aman,5.91330074113165
2023-10-01 13:54:00,-7.936623599412356,112.3152470988132,2.52,12,"Gunung Kelud, Kediri",0.14809476034978208,14.81,Aman,3.5714464532595196
2023-10-03 11:48:00,-7.87486593028457,112.3471955875328,4.43,43,"Gunung Kelud, Kediri",0.24525279128038388,24.53,Aman,7.772488594060245
2023-10-06 21:15:00,-7.947539429550331,112.2972369564996,2.21,3,"Gunung Kelud, Kediri",0.16898177589371094,16.9,Aman,3.0404359792445246
2023-10-10 08:34:00,-8.12672652379632,112.9417885385852,5.12,67,"Gunung Semeru, Lumajang",0.16377826266623488,16.38,Aman,9.04135886037329
2023-10-15 12:24:00,-8.049530234263104,114.2096195539031,4.07,11,"Gunung Ijen, Banyuwangi",0.31353809705925956,31.35,Aman,7.173306566934853
2023-10-22 01:17:00,-8.138572516208328,114.0573786055357,2.61,13,"Gunung Raung, Banyuwangi",0.24716405445940903,24.72,Aman,3.9105463987249283
2023-10-23 17:38:00,-8.076934832072329,113.9948762971834,3.76,18,"Gunung Raung, Banyuwangi",0.06707998568840914,6.71,Aman,5.781912096519015
2023-10-24 12:43:00,-7.860422416158372,112.340517190047,4.81,46,"Gunung Kelud, Kediri",0.2572454158521046,25.72,Aman,8.696357467925841
2023-10-28 00:24:00,-7.896103899971886,112.3762290986324,4.32,20,"Gunung Kelud, Kediri",0.3524703127822042,35.25,Aman,7.8817567381524585
2023-10-28 07:40:00,-7.878468701475899,113.0143963497908,2.74,0,"Gunung Bromo, Probolinggo",0.05840434457747277,5.84,Aman,3.8157193626559316
2023-10-28 17:03:00,-8.06969410219013,114.2294162640203,4.77,70,"Gunung Ijen, Banyuwangi",0.4174263579354186,41.74,Aman,9.212916820718707
2023-10-31 15:40:00,-8.115842641796778,114.0536664727023,3.03,7,"Gunung Raung, Banyuwangi",0.1974203622430088,19.74,Aman,4.642571125181696
2023-11-01 06:03:00,-8.110263926172331,114.0639038862468,4.32,18,"Gunung Raung, Banyuwangi",0.3014616601763929,30.15,Aman,7.710856476756832
2023-11-02 19:42:00,-7.936395528679542,112.95554991891,1.98,13,"Gunung Bromo, Probolinggo",0.18532071223278643,18.53,Aman,3.0
2023-11-03 22:02:00,-7.995224684212083,112.3672499414483,5.97,31,"Gunung Kelud, Kediri",0.19325126495937658,19.33,Aman,11.189869542362409
2023-11-09 07:10:00,-8.001157019062925,112.32486982437,4.84,69,"Gunung Kelud, Kediri",0.0699503171251207,7.0,Aman,8.039497345238852
2023-11-11 14:21:00,-8.088628497483136,112.8781675199808,2.68,66,"Gunung Semeru, Lumajang",0.0005853798093287999,0.06,Aman,3.6033158102791667
2023-11-11 14:47:00,-8.161284831795289,114.1033458406287,4.77,61,"Gunung Raung, Banyuwangi",0.015779215538111162,1.58,Aman,7.6822221205310255
2023-11-12 03:18:00,-7.93139693536498,112.3183363506216,2.96,7,"Gunung Kelud, Kediri",0.2180977798873585,21.81,Aman,4.546005071125821
2023-11-12 04:50:00,-8.124755781246392,112.9575868888153,5.6,26,"Gunung Semeru, Lumajang",0.5785589434122158,57.86,Aman,12.105744479609571
2023-11-13 20:07:00,-8.161065287794083,112.8586662726423,2.6,44,"Gunung Semeru, Lumajang",0.009966480561726252,1.0,Aman,3.480360023869576
2023-11-16 18:52:00,-7.996449367855092,114.2197641131221,5.2,42,"Gunung Ijen, Banyuwangi",0.2516707369042705,25.17,Aman,9.600176878056
2023-11-20 00:19:00,-7.928691151945165,112.2922632206221,1.15,11,"Gunung Kelud, Kediri",0.014440005195631806,1.44,Aman,3.0
2023-11-21 01:31:00,-8.054149198186398,114.2219034489493,3.45,7,"Gunung Ijen, Bondowoso",0.583368637553881,58.34,Aman,6.461319413722759
2023-11-22 20:59:00,-8.131538050138044,114.2044363258604,2.92,33,"Gunung Ijen, Banyuwangi",0.015067894770042091,1.51,Aman,4.057489408736364
2023-11-25 02:20:00,-8.060053007434375,114.2226234028518,2.13,16,"Gunung Ijen, Bondowoso",0.007122276452369076,0.71,Aman,3.0
2023-11-27 12:37:00,-8.07759149092285,114.1906149957449,4.92,40,"Gunung Ijen, Banyuwangi",0.30329689968275864,30.33,Aman,9.138492525406775
2023-12-01 07:37:00,-8.045862104730237,112.8883364889722,4.47,16,"Gunung Semeru, Lumajang",0.2081078653475929,20.81,Aman,7.733748933294283
2023-12-01 16:09:00,-8.14993137858856,112.9794434534682,4.88,63,"Gunung Semeru, Lumajang",0.1981840949127162,19.82,Aman,8.629384774479151
2023-12-01 19:00:00,-7.936351622169817,112.3159569335642,2.84,8,"Gunung Kelud, Kediri",0.18580883022433178,18.58,Aman,4.245179149434466
2023-12-02 16:11:00,-8.061102664215191,112.9110333710753,4.98,1,"Gunung Semeru, Lumajang",1.0,100.0,Terdampak,12.091756826744508
2023-12-02 17:42:00,-8.080457742260869,112.9431577065503,3.01,4,"Gunung Semeru, Lumajang",0.5036123946026425,50.36,Aman,5.2441311157759305
2023-12-04 23:47:00,-8.091419058875395,112.911689189568,2.03,13,"Gunung Semeru, Lumajang",0.0041151265054932655,0.41,Aman,3.0
2023-12-05 04:15:00,-8.054859771847442,112.9779541029637,3.35,60,"Gunung Semeru, Lumajang",0.00941354845396326,0.94,Aman,4.837239378158622
2023-12-05 06:31:00,-8.13435255505528,112.9230334128677,4.76,44,"Gunung Semeru, Lumajang",0.29331500613851386,29.33,Aman,8.716111067038304
2023-12-06 00:05:00,-7.979743665841252,112.905004276206,3.11,44,"Gunung Bromo, Probolinggo",0.00012929587534046984,0.01,Aman,4.371360071651342
2023-12-08 01:12:00,-8.071020048924158,114.2434447125469,2.44,8,"Gunung Ijen, Bondowoso",0.19929845274599656,19.93,Aman,3.506395879310525
2023-12-09 05:18:00,-7.92449342934198,112.9537770071534,1.39,17,"Gunung Bromo, Probolinggo",0.006817920846527849,0.68,Aman,3.0
2023-12-12 02:21:00,-8.101678265530204,112.9241676511685,2.66,13,"Gunung Semeru, Lumajang",0.057872839293160346,5.79,Aman,3.6705797737470034
2023-12-13 22:19:00,-7.983862935427092,112.3673372944133,3.12,31,"Gunung Kelud, Kediri",0.01468050886219618,1.47,Aman,4.421576683648219
2023-12-15 00:59:00,-7.980718258431934,112.3769171514725,2.71,8,"Gunung Kelud, Kediri",0.074482877219716,7.45,Aman,3.790879126234993
2023-12-15 23:25:00,-7.897677378700191,112.2569146977836,4.52,64,"Gunung Kelud, Kediri",0.14703263380600157,14.7,Aman,7.6293689079463
2023-12-17 08:39:00,-8.093134962479068,114.2050841161975,3.66,34,"Gunung Ijen, Banyuwangi",0.12861066501778604,12.86,Aman,5.748991269530392
2023-12-18 10:52:00,-7.935726949749022,112.301423694135,3.5,25,"Gunung Kelud, Kediri",0.055333154521536844,5.53,Aman,5.237700846434644
2023-12-20 01:06:00,-8.004512236994344,114.2407720233445,5.63,3,"Gunung Ijen, Banyuwangi",0.981297285954495,98.13,Terdampak,14.094062802691635
2023-12-20 23:36:00,-8.165266690338244,112.863173419836,4.11,34,"Gunung Semeru, Lumajang",0.011685573496727717,1.17,Aman,6.3171977821200365
2023-12-24 20:37:00,-7.934908555451367,112.2732254266223,4.42,37,"Gunung Kelud, Kediri",0.15653211035248552,15.65,Aman,7.443460423371276
2023-12-25 23:34:00,-7.940098792280267,112.9556833990751,3.17,22,"Gunung Bromo, Probolinggo",0.2811548338201252,28.12,Aman,5.110952083100914
2023-12-28 20:15:00,-8.112790741665147,112.9592668867001,4.73,0,"Gunung Semeru, Lumajang",0.9593377956235224,95.93,Terdampak,11.15537124929876
2023-12-28 23:42:00,-7.932836112408781,112.9380773887675,3.96,17,"Gunung Bromo, Probolinggo",0.41015189785233486,41.02,Aman,7.2113763376510915
2023-12-29 22:02:00,-7.869674282207169,112.2779726945518,2.96,65,"Gunung Kelud, Kediri",0.032129176698906844,3.21,Aman,4.164861272673519
2023-12-30 00:22:00,-8.150100077499612,113.9715836185563,5.92,49,"Gunung Raung, Banyuwangi",0.30431819100138574,30.43,Aman,11.628686739022651
2024-01-02 12:08:00,-8.038703233216937,114.2025979161866,5.83,44,"Gunung Ijen, Banyuwangi",0.28357743034884036,28.36,Aman,11.29678510893975
2024-01-05 20:42:00,-7.990460546655592,114.2506800972694,4.12,23,"Gunung Ijen, Banyuwangi",0.18994730837568008,18.99,Aman,6.898744339404636
2024-01-07 12:53:00,-7.995608560136224,112.9999744324958,5.09,51,"Gunung Bromo, Probolinggo",0.002289876460648218,0.23,Aman,8.302905078485148
2024-01-08 12:59:00,-8.106953539967042,112.9164933687603,1.36,16,"Gunung Semeru, Lumajang",0.016152171485700362,1.62,Aman,3.0
2024-01-13 07:23:00,-7.964934638135204,112.9903573059222,2.33,1,"Gunung Bromo, Probolinggo",0.3790789021306658,37.91,Aman,3.5722475522448294
2024-01-13 19:03:00,-7.890387086212896,112.2631048655049,4.03,38,"Gunung Kelud, Kediri",0.16544009175024588,16.54,Aman,6.628461490922633
2024-01-15 12:59:00,-8.138395410959308,112.9566381767244,2.47,67,"Gunung Semeru, Lumajang",0.026209053539710123,2.62,Aman,3.282164131894059
2024-01-16 19:15:00,-8.024030840678696,114.2562449881175,3.94,1,"Gunung Ijen, Banyuwangi",0.9321268535192813,93.21,Terdampak,8.71561119604331
2024-01-20 16:50:00,-7.934680911837654,112.3210967382184,2.68,5,"Gunung Kelud, Kediri",0.20267540364330988,20.27,Aman,3.9673063629093575
2024-01-23 08:01:00,-7.901644092606124,112.2898986179164,4.74,0,"Gunung Kelud, Kediri",0.6398260370947395,63.98,Aman,9.978313776788157
2024-01-26 23:55:00,-7.946552328976553,112.9619872583021,2.48,11,"Gunung Bromo, Probolinggo",0.32959986779271105,32.96,Aman,3.7934863212068155
2024-01-28 07:23:00,-7.884376552604631,112.2756630316723,5.25,0,"Gunung Kelud, Kediri",0.6769219462606567,67.69,Aman,11.556140329584538
2024-01-28 20:37:00,-7.958126386981683,112.9378375607395,3.35,16,"Gunung Bromo, Probolinggo",0.1191461393252431,11.91,Aman,5.101397450566524
2024-01-30 18:03:00,-7.931717659951139,112.3257723575325,1.66,8,"Gunung Kelud, Kediri",0.02327070796297919,2.33,Aman,3.0
2024-01-31 13:11:00,-7.949729785481761,112.9328325847985,2.29,3,"Gunung Bromo, Probolinggo",0.09391092851839668,9.39,Aman,3.0740741217322265
2024-02-01 04:44:00,-7.905263915767323,112.9845424320416,2.63,13,"Gunung Bromo, Probolinggo",0.03941904500510562,3.94,Aman,3.5844204630271355
2024-02-01 10:56:00,-7.938567659903926,112.9643941200087,2.1,12,"Gunung Bromo, Probolinggo",0.013277048322958207,1.33,Aman,3.0
2024-02-02 18:49:00,-7.881329623514997,113.0134860231842,4.9,38,"Gunung Bromo, Probolinggo",0.04830296263971843,4.83,Aman,8.083865917973782
2024-02-03 16:37:00,-7.871757349104697,112.8969040115875,3.82,32,"Gunung Bromo, Probolinggo",0.021040634656339728,2.1,Aman,5.770685705745579
2024-02-04 12:58:00,-8.116053429260367,113.9812785425157,2.98,64,"Gunung Raung, Banyuwangi",0.010710810074246714,1.07,Aman,4.157198485904392
2024-02-05 14:19:00,-8.07237155503663,114.2425169783188,2.03,5,"Gunung Ijen, Bondowoso",0.17983266121805963,17.98,Aman,3.0
2024-02-09 05:26:00,-8.100822490391584,114.0799237306164,5.1,22,"Gunung Raung, Banyuwangi",0.2702865070388254,27.03,Aman,9.438259226428679
2024-02-10 02:33:00,-7.885337942919229,112.3038289193352,5.56,5,"Gunung Kelud, Kediri",0.538021832069879,53.8,Aman,11.80490746067737
2024-02-11 04:23:00,-8.136797639206431,114.0551592990925,2.7,7,"Gunung Raung, Banyuwangi",0.29598837999828514,29.6,Aman,4.175539376029324
2024-02-13 01:17:00,-7.972196387223932,112.2479008270727,2.68,21,"Gunung Kelud, Kediri",0.0021918763223512834,0.22,Aman,3.606209320520196
2024-02-14 18:29:00,-8.141749816428668,112.9195091915999,2.71,23,"Gunung Semeru, Lumajang",0.03741575200033386,3.74,Aman,3.72314321344114
2024-02-15 04:55:00,-8.087452446398231,114.2447060800454,5.59,39,"Gunung Ijen, Banyuwangi",0.33475242906203945,33.48,Aman,10.935689998732098
2024-02-15 23:39:00,-8.095606138140687,114.2110233497633,5.68,17,"Gunung Ijen, Banyuwangi",0.619901652059143,61.99,Aman,12.528752484733864
2024-02-18 10:05:00,-8.006108434965117,114.266073760012,2.04,50,"Gunung Ijen, Banyuwangi",0.018696618239625838,1.87,Aman,3.0
2024-02-23 04:07:00,-8.066828870649164,112.855930668785,2.97,18,"Gunung Semeru, Lumajang",0.006574732514377047,0.66,Aman,4.130558026993873
2024-02-23 04:11:00,-8.098402147206558,112.8928269498756,4.58,67,"Gunung Semeru, Lumajang",0.1626711571822115,16.27,Aman,7.817819047878029
2024-02-25 06:59:00,-7.905997131311723,112.9650720051538,3.95,69,"Gunung Bromo, Probolinggo",0.06999439532590221,7.0,Aman,6.173271792782975
2024-02-28 22:25:00,-7.996638559920802,114.2591389202774,3.95,11,"Gunung Ijen, Banyuwangi",0.1531300179305114,15.31,Aman,6.4212042486192535
2024-02-29 07:16:00,-8.070547097011906,114.0715327816923,4.89,45,"Gunung Raung, Banyuwangi",0.04894240450247284,4.89,Aman,8.064942433695219
2024-02-29 08:01:00,-7.879744880765375,112.9836626480533,2.2,60,"Gunung Bromo, Probolinggo",0.0001,0.01,Aman,3.0
2024-03-01 04:28:00,-8.011470081902791,112.9760742996792,2.88,48,"Gunung Bromo, Probolinggo",0.005014326755926852,0.5,Aman,3.9654978488683543
2024-03-04 00:06:00,-8.063823430533876,114.2580033237318,1.65,16,"Gunung Ijen, Bondowoso",0.013168172956660189,1.32,Aman,3.0
2024-03-04 06:37:00,-7.998494662672212,114.1833782534553,2.48,3,"Gunung Ijen, Banyuwangi",0.5061940367860004,50.62,Aman,4.081049680795973
2024-03-06 18:57:00,-8.15424622481743,114.0282327761147,5.77,33,"Gunung Raung, Banyuwangi",0.2170354206799784,21.7,Aman,10.821094585526623
2024-03-07 19:56:00,-8.117418964405903,114.055986437442,2.75,17,"Gunung Raung, Banyuwangi",0.1606278334952814,16.06,Aman,4.02422702012796
2024-03-11 02:32:00,-7.942235453522716,112.3098221374572,1.92,2,"Gunung Kelud, Kediri",0.013291690569310554,1.33,Aman,3.0
2024-03-13 06:14:00,-8.173417859464198,112.927403613781,3.37,42,"Gunung Semeru, Lumajang",0.011088167690513651,1.11,Aman,4.878878313498861
2024-03-13 10:32:00,-7.989814630401766,112.3382241090495,4.1,70,"Gunung Kelud, Kediri",0.010308361401980696,1.03,Aman,6.2929125572061055
2024-03-13 18:04:00,-8.072031976277547,114.0903015250999,5.31,45,"Gunung Raung, Banyuwangi",0.03997969643414729,4.0,Aman,8.937554986602144
2024-03-21 21:08:00,-8.15811431284596,114.0894175351659,4.18,58,"Gunung Raung, Banyuwangi",0.00986951910531059,0.99,Aman,6.451594077257675
2024-03-22 09:47:00,-8.028685249905308,114.1988950208715,5.36,63,"Gunung Ijen, Banyuwangi",0.10658066769404352,10.66,Aman,9.342483193141156
2024-03-25 15:47:00,-7.911340632863511,112.977957935217,5.37,7,"Gunung Bromo, Probolinggo",0.4779786626315782,47.8,Aman,11.01625900615694
2024-03-30 22:38:00,-8.117990015925704,114.0241380069712,1.78,3,"Gunung Raung, Banyuwangi",0.044665277968922765,4.47,Aman,3.0
2024-04-06 08:53:00,-8.100565188576057,114.0491749980033,2.93,8,"Gunung Raung, Banyuwangi",0.19819822466957387,19.82,Aman,4.445951938372413
2024-04-07 02:30:00,-7.879116444357189,113.0031404585866,3.78,10,"Gunung Bromo, Probolinggo",0.04863341770404882,4.86,Aman,5.769970554539046
2024-04-10 23:08:00,-8.097614479005651,112.9321400389816,3.22,10,"Gunung Semeru, Lumajang",0.2967562905545486,29.68,Aman,5.251671494955217
2024-04-11 12:26:00,-7.926316966550684,112.3230642061195,1.0,11,"Gunung Kelud, Kediri",0.0012343872027814902,0.12,Aman,3.0
2024-04-11 21:54:00,-8.164979971102557,114.1016099955,3.87,9,"Gunung Raung, Banyuwangi",0.02766130414905825,2.77,Aman,5.888296522203227
2024-04-12 19:35:00,-7.921027846746385,112.9357691384609,1.06,12,"Gunung Bromo, Probolinggo",0.0022832120784134343,0.23,Aman,3.0
2024-04-14 20:05:00,-7.972967004036333,112.9422503179212,5.66,64,"Gunung Bromo, Probolinggo",0.1211615240466203,12.12,Aman,10.097296418409927
2024-04-16 16:57:00,-8.112785779960278,112.9521703559173,4.06,2,"Gunung Semeru, Lumajang",0.7678788870465983,76.79,Terdampak,8.554624100806542
2024-04-20 04:31:00,-8.001987449733878,114.2550902775364,3.91,54,"Gunung Ijen, Banyuwangi",0.043787073079536915,4.38,Aman,6.014997301923511
2024-04-21 16:59:00,-8.009859384692357,114.193623091026,3.88,15,"Gunung Ijen, Banyuwangi",0.25871281137519647,25.87,Aman,6.581308710305535
2024-04-24 03:45:00,-7.924851978313207,112.2955061349371,5.4,54,"Gunung Kelud, Kediri",0.2519155707548871,25.19,Aman,10.084026909659093
2024-04-24 11:17:00,-7.920907457618815,112.328547003964,3.35,17,"Gunung Kelud, Kediri",0.013392529431582667,1.34,Aman,4.846817935785394
2024-04-27 19:36:00,-8.03800408764402,112.9920671902,5.09,38,"Gunung Semeru, Lumajang",0.0011890100224416006,0.12,Aman,8.29834011032146
2024-04-29 17:04:00,-8.147413957830462,112.9563776219913,3.92,5,"Gunung Semeru, Lumajang",0.3904828670981875,39.05,Aman,7.058745548455703
2024-05-02 07:17:00,-8.109806573574001,114.0357659247737,1.65,5,"Gunung Raung, Banyuwangi",0.002025644386128975,0.2,Aman,3.0
2024-05-03 04:45:00,-8.087700982434784,114.0776946546381,3.12,64,"Gunung Raung, Banyuwangi",0.0001,0.01,Aman,4.389577149361156
2024-05-06 07:12:00,-7.899155800687413,112.9597841791072,2.71,48,"Gunung Bromo, Probolinggo",0.00952455818667937,0.95,Aman,3.6721752610926193
2024-05-08 00:26:00,-8.072182623531369,114.0173456246041,4.55,26,"Gunung Raung, Banyuwangi",0.0333544132627473,3.34,Aman,7.2878244485512145
2024-05-18 07:38:00,-8.12669258458684,112.966691106499,2.73,44,"Gunung Semeru, Lumajang",0.009537981222202205,0.95,Aman,3.707470161888244
2024-05-20 07:51:00,-7.904653367044809,112.3416509921944,2.68,64,"Gunung Kelud, Kediri",0.05673967657145901,5.67,Aman,3.704457039931348
2024-05-23 14:56:00,-8.060459245253357,112.9478543489349,5.28,49,"Gunung Semeru, Lumajang",0.15921846817004792,15.92,Aman,9.3905426561285
2024-05-23 19:41:00,-7.910057047578094,112.2927189123224,1.51,8,"Gunung Kelud, Kediri",0.005324240273383864,0.53,Aman,3.0
2024-05-23 20:14:00,-7.913223990677418,112.3012121094604,2.53,10,"Gunung Kelud, Kediri",0.08960239711330636,8.96,Aman,3.492129493747123
2024-06-02 09:36:00,-8.047225075442757,114.2877632761703,5.05,11,"Gunung Ijen, Banyuwangi",0.3056269256623705,30.56,Aman,9.463195912224617
2024-06-04 11:42:00,-8.001262211134685,114.2034991190737,2.1,33,"Gunung Ijen, Banyuwangi",0.01010902102812806,1.01,Aman,3.0
2024-06-07 20:43:00,-8.176035215148927,112.9385116293222,4.63,65,"Gunung Semeru, Lumajang",0.005858282049683572,0.59,Aman,7.354032395166665
2024-06-10 02:16:00,-8.149601258688193,112.9415622400083,5.2,39,"Gunung Semeru, Lumajang",0.20158544853052696,20.16,Aman,9.386634276335535
2024-06-11 01:10:00,-8.094513347391068,114.1842956049391,5.12,2,"Gunung Ijen, Banyuwangi",0.8670099967133748,86.7,Terdampak,11.97981636280155
2024-06-11 07:35:00,-8.134050823519653,114.0573953649162,1.25,17,"Gunung Raung, Banyuwangi",0.018875637154722336,1.89,Aman,3.0
2024-06-17 12:07:00,-8.017638355486703,114.1690450853572,4.75,68,"Gunung Ijen, Banyuwangi",0.2242068941599997,22.42,Aman,8.430374729398187
2024-06-19 22:23:00,-7.913116749318477,112.2952194328462,1.22,9,"Gunung Kelud, Kediri",0.011410788057478237,1.14,Aman,3.0
2024-06-21 07:05:00,-7.990642908600839,112.2819003809069,5.66,32,"Gunung Kelud, Kediri",0.19158096731035934,19.16,Aman,10.432511810633754
2024-06-21 16:04:00,-7.952686186737453,112.9698308262186,3.36,6,"Gunung Bromo, Probolinggo",0.3172977677295968,31.73,Aman,5.600062941000561
2024-06-24 08:12:00,-8.033062005454784,114.2180774492786,4.02,20,"Gunung Ijen, Banyuwangi",0.2558023751638193,25.58,Aman,6.882796400989695
2024-06-24 09:36:00,-8.099263659251655,112.9537309545089,4.46,57,"Gunung Semeru, Lumajang",0.06334076733569834,6.33,Aman,7.205701705781602
2024-06-24 23:20:00,-8.006743516456769,114.2972176692483,3.72,40,"Gunung Ijen, Banyuwangi",0.002339648553227104,0.23,Aman,5.5234900135527125
2024-06-27 12:18:00,-8.182400163997764,113.9865391797266,3.71,51,"Gunung Raung, Banyuwangi",0.0001,0.01,Aman,5.498038753406096
2024-06-30 18:04:00,-8.076339870052886,114.2458010076805,4.05,25,"Gunung Ijen, Banyuwangi",0.30517804335587656,30.52,Aman,7.101760283674243
2024-06-30 18:08:00,-7.945690191579476,112.3010072121224,1.91,14,"Gunung Kelud, Kediri",0.015011639370365827,1.5,Aman,3.0
2024-06-30 20:07:00,-8.086363745067828,114.1869775431236,2.43,3,"Gunung Ijen, Banyuwangi",0.3841767678171654,38.42,Aman,3.7809123692249513
2024-07-04 00:48:00,-8.137488152584062,114.0521471480761,4.32,6,"Gunung Raung, Banyuwangi",0.36960642498850704,36.96,Aman,7.9391698613336095
2024-07-04 22:03:00,-8.024959842315578,114.2371072727017,2.68,58,"Gunung Ijen, Banyuwangi",0.0027575860086804732,0.28,Aman,3.6072282376218356
2024-07-06 16:08:00,-7.926634661970374,112.9345097825733,3.69,11,"Gunung Bromo, Probolinggo",0.28953741848928466,28.95,Aman,6.249597185865529
2024-07-11 19:28:00,-8.01255777666911,114.2281372592777,5.74,13,"Gunung Ijen, Banyuwangi",0.6030811043357592,60.31,Aman,12.619529526445115
2024-07-12 00:14:00,-8.005853476080816,112.9094742580085,2.3,11,"Gunung Bromo, Probolinggo",0.0005952586694610962,0.06,Aman,3.0
2024-07-14 10:28:00,-7.895754739320076,112.281605433756,2.83,54,"Gunung Kelud, Kediri",0.03729740095048811,3.73,Aman,3.938644665743108
2024-07-22 06:12:00,-8.165845025655015,112.8830845909744,2.29,18,"Gunung Semeru, Lumajang",0.0001,0.01,Aman,3.0
2024-07-22 13:14:00,-7.963307591513786,112.2414067158619,3.46,47,"Gunung Kelud, Kediri",0.016736428156263868,1.67,Aman,5.063118311000991
2024-07-22 18:14:00,-8.005260170614788,114.1737834442046,4.0,11,"Gunung Ijen, Banyuwangi",0.6155760134525542,61.56,Aman,7.928943789114521
2024-07-23 11:29:00,-7.926660283749196,112.9218704115211,2.71,8,"Gunung Bromo, Probolinggo",0.02235475624179392,2.24,Aman,3.695620974010617
2024-07-27 14:12:00,-8.12268559063162,112.9078584770938,3.19,7,"Gunung Semeru, Lumajang",0.23168509390265551,23.17,Aman,5.041163753392246
2024-07-28 21:42:00,-8.086724381102263,112.8683921956926,3.99,34,"Gunung Semeru, Lumajang",0.13071785934360303,13.07,Aman,6.438144424266605
2024-07-30 12:45:00,-8.051831910078265,114.2516189562421,3.25,2,"Gunung Ijen, Bondowoso",0.695489915340973,69.55,Aman,6.238153900262539
2024-08-02 18:27:00,-8.150904273668813,112.9326995650902,4.15,65,"Gunung Semeru, Lumajang",0.0257910921969699,2.58,Aman,6.4420959229278045
2024-08-05 07:16:00,-8.111058122088533,114.0234304885134,1.08,11,"Gunung Raung, Banyuwangi",0.0002792456345090039,0.03,Aman,3.0
2024-08-07 11:12:00,-8.067721992407515,114.2430138602275,3.61,8,"Gunung Ijen, Bondowoso",0.4381135090141747,43.81,Aman,6.468197729775658
2024-08-08 19:32:00,-8.13182232197717,112.9423259587683,4.72,65,"Gunung Semeru, Lumajang",0.13801633905645264,13.8,Aman,8.037215671570841
2024-08-09 16:58:00,-7.931876398301521,112.310313491477,3.19,13,"Gunung Kelud, Kediri",0.1230601977205995,12.31,Aman,4.795790474319361
2024-08-11 02:57:00,-8.13763875369338,114.0252082783279,2.6,8,"Gunung Raung, Banyuwangi",0.17278443763265844,17.28,Aman,3.7622876651700516
2024-08-13 07:21:00,-8.12339174909804,112.9192237416423,4.98,6,"Gunung Semeru, Lumajang",0.9132844414425729,91.33,Terdampak,11.742242344353933
2024-08-13 07:25:00,-8.106633731819418,114.0278056504598,3.84,15,"Gunung Raung, Banyuwangi",0.1323739946392325,13.24,Aman,6.130049387250375
2024-08-13 16:18:00,-7.956398571343331,112.9610596225098,1.15,14,"Gunung Bromo, Probolinggo",0.006747783896086588,0.67,Aman,3.0
2024-08-15 08:55:00,-8.051220593927415,114.1922191171184,5.56,30,"Gunung Ijen, Banyuwangi",0.2783373426901495,27.83,Aman,10.597056792347676
2024-08-16 00:40:00,-7.928639208595404,112.9667347408987,3.09,6,"Gunung Bromo, Probolinggo",0.15028541803847842,15.03,Aman,4.660281357809995
2024-08-24 15:11:00,-8.12952100880229,114.2711128475882,2.86,10,"Gunung Ijen, Banyuwangi",0.028366560721685186,2.84,Aman,3.975504868481204
2024-08-25 03:41:00,-7.894011087112993,112.3432563209985,5.24,53,"Gunung Kelud, Kediri",0.22703649939822268,22.7,Aman,9.590207683387193
2024-08-27 08:46:00,-7.924177133866078,112.3482872465397,5.54,24,"Gunung Kelud, Kediri",0.3933341668308074,39.33,Aman,11.079905064283441
2024-08-30 21:14:00,-8.068942222923473,114.2587631012799,1.49,1,"Gunung Ijen, Bondowoso",0.006695197044489924,0.67,Aman,3.0
2024-08-31 10:23:00,-7.888337758639099,112.9405463292779,3.1,48,"Gunung Bromo, Probolinggo",0.025590254513095826,2.56,Aman,4.408509745569118
2024-09-01 06:12:00,-7.924184434260269,112.3106381888045,2.66,5,"Gunung Kelud, Kediri",0.2117204355821156,21.17,Aman,3.9449941420185626
2024-09-04 03:25:00,-8.073824886621953,114.0842586167959,3.5,22,"Gunung Raung, Banyuwangi",0.03162865214967536,3.16,Aman,5.177293563136422
2024-09-04 15:45:00,-8.131073633563181,112.9070300732996,3.62,30,"Gunung Semeru, Lumajang",0.08891831532844191,8.89,Aman,5.5617646030262335
2024-09-06 15:12:00,-8.069400891353414,114.2943091527408,3.91,49,"Gunung Ijen, Banyuwangi",0.04567204129292149,4.57,Aman,6.020544885068088
2024-09-07 20:27:00,-8.079276170890983,114.2219399283242,1.81,18,"Gunung Ijen, Bondowoso",0.42265234326517814,42.27,Aman,3.0
2024-09-10 15:25:00,-8.162203270064913,112.9695262042517,5.32,6,"Gunung Semeru, Lumajang",0.505404767055395,50.54,Aman,11.003555181927938
2024-09-10 21:26:00,-8.151050502635536,112.9198020522503,4.21,32,"Gunung Semeru, Lumajang",0.2717218965846574,27.17,Aman,7.360238595905127
2024-09-11 06:28:00,-8.103661798037695,112.8851851208942,4.54,27,"Gunung Semeru, Lumajang",0.14051703030667506,14.05,Aman,7.6499976290385945
2024-09-12 05:52:00,-8.104266392029789,114.2043402969399,4.59,61,"Gunung Ijen, Banyuwangi",0.1583620643323689,15.84,Aman,7.824395501384849
2024-09-14 20:30:00,-8.127587456897988,114.2385402619018,3.86,45,"Gunung Ijen, Banyuwangi",0.01032148352686681,1.03,Aman,5.818338903841567
2024-09-16 18:41:00,-7.97040845199472,112.3633673456488,3.74,67,"Gunung Kelud, Kediri",0.02054523542959065,2.05,Aman,5.612697870756672
2024-09-22 17:57:00,-7.911717626093851,112.3099236679248,3.15,7,"Gunung Kelud, Kediri",0.22703861443923273,22.7,Aman,4.9488178776882625
2024-09-23 22:17:00,-8.105631475151776,114.0416373852623,2.86,2,"Gunung Raung, Banyuwangi",0.26747507872908044,26.75,Aman,4.444146531108256
2024-09-24 04:07:00,-8.095670213051097,112.9726369347944,4.09,48,"Gunung Semeru, Lumajang",0.3128150499028006,31.28,Aman,7.216908671909383
2024-09-25 11:18:00,-7.933170521189357,112.950098705582,2.94,7,"Gunung Bromo, Probolinggo",0.1919886289954597,19.2,Aman,4.4530731652902675
2024-09-28 16:13:00,-8.084769553605868,114.0511060386325,5.66,57,"Gunung Raung, Banyuwangi",0.06617501574624014,6.62,Aman,9.835545926036726
2024-09-28 18:57:00,-7.992756344152398,112.9062514582383,3.28,48,"Gunung Bromo, Probolinggo",0.0023741920297853125,0.24,Aman,4.689766718777643
2024-09-29 11:50:00,-7.933588823225515,112.9369093941838,1.54,2,"Gunung Bromo, Probolinggo",0.2501696382074552,25.02,Aman,3.0
2024-10-05 18:50:00,-8.139932802609385,114.0330135952841,3.8,64,"Gunung Raung, Banyuwangi",0.19810358593871383,19.81,Aman,6.233569912964483
2024-10-10 22:37:00,-8.103156098922122,114.0563206412779,3.58,10,"Gunung Raung, Banyuwangi",0.18861623347183026,18.86,Aman,5.743644546379412
2024-10-11 16:06:00,-8.05504669627384,114.2864502479379,3.51,7,"Gunung Ijen, Banyuwangi",0.3062047722593795,30.62,Aman,5.8988468687268645
2024-10-13 00:37:00,-8.124940767139979,112.9323446765769,4.48,15,"Gunung Semeru, Lumajang",0.370543949011149,37.05,Aman,8.326824932533219
2024-10-15 07:18:00,-8.143686809390958,114.0320411514628,4.43,32,"Gunung Raung, Banyuwangi",0.24008015906499738,24.01,Aman,7.754582269635888
2024-10-15 11:56:00,-8.114852799293429,114.0855919550165,4.64,47,"Gunung Raung, Banyuwangi",0.059512641814652205,5.95,Aman,7.571951807181492
2024-10-19 06:06:00,-8.050321495008289,114.2286757247803,4.43,2,"Gunung Ijen, Banyuwangi",1.0,100.0,Terdampak,10.385229615451744
2024-10-20 13:08:00,-8.098685541447136,112.8660129136716,3.53,42,"Gunung Semeru, Lumajang",0.021000189723114175,2.1,Aman,5.207670234984552
2024-10-26 17:53:00,-8.107506351230272,112.9251598507767,3.73,18,"Gunung Semeru, Lumajang",0.2678104684197638,26.78,Aman,6.277666517919689
2024-10-29 10:36:00,-7.983105765947715,113.0210996243705,4.33,67,"Gunung Bromo, Probolinggo",0.004315292941696528,0.43,Aman,6.7355072780941825
2024-11-01 00:05:00,-8.000325151151841,112.3036940556044,5.99,3,"Gunung Kelud, Kediri",0.7678237795544935,76.78,Terdampak,14.18284346545036
2024-11-06 16:35:00,-7.936451415086966,112.3312659874719,2.74,16,"Gunung Kelud, Kediri",0.016061589781933776,1.61,Aman,3.737227461991635
2024-11-07 02:44:00,-7.913524714996233,112.9653567788554,5.0,40,"Gunung Bromo, Probolinggo",0.28807142409074554,28.81,Aman,9.270445117892177
2024-11-08 07:39:00,-7.995205698144722,114.261421812293,5.65,64,"Gunung Ijen, Banyuwangi",0.1256061691024511,12.56,Aman,10.09522001411895
2024-11-10 04:10:00,-7.932990214751879,112.9470637364164,3.47,11,"Gunung Bromo, Probolinggo",0.3316045832004072,33.16,Aman,5.8756135255740745
2024-11-12 23:34:00,-8.110386213317657,114.2795346908806,4.44,61,"Gunung Ijen, Banyuwangi",0.22645742672066466,22.65,Aman,7.730049245261668
2024-11-15 10:52:00,-8.194780222991453,114.0788092167515,5.39,20,"Gunung Raung, Banyuwangi",0.1341884466002549,13.42,Aman,9.533846682913314
2024-11-15 16:02:00,-8.045949545164028,114.2530714653916,5.13,32,"Gunung Ijen, Banyuwangi",0.31848805224263615,31.85,Aman,9.712419700224094
2024-11-15 21:15:00,-8.049006529444563,112.9762551297919,4.34,45,"Gunung Semeru, Lumajang",0.0016065825236878802,0.16,Aman,6.746606389456202
2024-11-16 20:57:00,-7.945291001905017,112.9476282743001,2.91,3,"Gunung Bromo, Probolinggo",0.43071065827067,43.07,Aman,4.872638084410651
2024-11-16 22:44:00,-8.112032148563276,112.9274998378625,2.82,16,"Gunung Semeru, Lumajang",0.00554163219891428,0.55,Aman,3.8594509595439055
2024-11-17 16:14:00,-8.044842561341914,114.2403427198587,2.38,6,"Gunung Ijen, Bondowoso",0.15382067900375584,15.38,Aman,3.324524905938776
2024-11-18 02:58:00,-8.13980909897733,114.0577955989141,3.79,23,"Gunung Raung, Banyuwangi",0.2582092663040305,25.82,Aman,6.38212289020044
2024-11-20 00:59:00,-8.080674168590589,112.8815100529499,3.66,68,"Gunung Semeru, Lumajang",0.00044681205841116825,0.04,Aman,5.402843952013939
2024-11-20 09:07:00,-7.92441713527517,112.3779917241345,5.17,69,"Gunung Kelud, Kediri",0.05471999240006137,5.47,Aman,8.69481522134493
2024-11-20 17:41:00,-7.905703327339682,112.9597534621092,2.16,34,"Gunung Bromo, Probolinggo",0.009072230195372939,0.91,Aman,3.0
2024-11-21 05:04:00,-7.958710779150459,112.8885467669147,3.19,50,"Gunung Bromo, Probolinggo",0.00965391896694794,0.97,Aman,4.539616508098953
2024-11-21 18:33:00,-8.084023362533406,114.0393350349855,2.23,17,"Gunung Raung, Banyuwangi",0.0005172172357287535,0.05,Aman,3.0
2024-11-22 19:00:00,-8.1114329849164,112.8607368710397,3.53,19,"Gunung Semeru, Lumajang",0.012755746842529829,1.28,Aman,5.186426130203379
2024-11-23 20:11:00,-7.999201899956481,112.9045248506271,4.29,38,"Gunung Bromo, Probolinggo",0.010310868242521146,1.03,Aman,6.674637817017538
2024-11-24 05:32:00,-7.937107458768575,112.2954473358299,3.96,10,"Gunung Kelud, Kediri",0.22802087654457162,22.8,Aman,6.666425067740923
2024-11-25 14:43:00,-7.944213728066757,112.3048885224643,2.29,11,"Gunung Kelud, Kediri",0.0031716430420776973,0.32,Aman,3.0
2024-11-25 21:57:00,-8.041832166101079,114.2548467658002,1.01,17,"Gunung Ijen, Bondowoso",0.01312200517963263,1.31,Aman,3.0
2024-11-26 06:25:00,-7.929868225137292,112.9685857719822,3.74,12,"Gunung Bromo, Probolinggo",0.19450807578712492,19.45,Aman,6.095934200507993
2024-11-30 16:20:00,-8.061683387659953,114.2602789685675,2.91,45,"Gunung Ijen, Banyuwangi",0.007680063826512891,0.77,Aman,4.0246247767198176
2024-12-04 07:48:00,-8.023803246885523,114.2750934554324,5.67,51,"Gunung Ijen, Banyuwangi",0.34502273888710794,34.5,Aman,11.18858174376175
2024-12-06 03:02:00,-8.075986677827622,112.8648803712101,5.82,56,"Gunung Semeru, Lumajang",0.20362543750361461,20.36,Aman,10.876963254908445
2024-12-06 07:23:00,-8.13903778003452,114.0255506984048,3.52,16,"Gunung Raung, Banyuwangi",0.25120956712883263,25.12,Aman,5.779514965113017
2024-12-09 08:19:00,-8.05176283277207,114.2294873376876,3.41,6,"Gunung Ijen, Bondowoso",0.5294168517775456,52.94,Aman,6.2311915897780725
2024-12-09 20:06:00,-7.929009491618226,112.3225610524937,5.02,28,"Gunung Kelud, Kediri",0.29522238278222324,29.52,Aman,9.34780420082509
2024-12-17 10:08:00,-8.117623308791343,114.2326393383509,5.17,49,"Gunung Ijen, Banyuwangi",0.022316355779193643,2.23,Aman,8.557695013258108
2024-12-17 13:03:00,-8.046998730886923,112.9531521195887,3.46,8,"Gunung Semeru, Lumajang",0.1325239396355749,13.25,Aman,5.353808686486545
2024-12-20 23:03:00,-8.128833209431308,114.0232769951585,2.73,15,"Gunung Raung, Banyuwangi",0.008589277161390357,0.86,Aman,3.7057198630480186
2024-12-23 09:34:00,-7.940660978459965,112.2900778599157,2.27,13,"Gunung Kelud, Kediri",0.005403534588214472,0.54,Aman,3.0
2024-12-23 10:46:00,-7.875040435980634,112.3760437157027,5.87,39,"Gunung Kelud, Kediri",0.5165568841981649,51.66,Aman,12.56048148251565
2024-12-23 14:54:00,-8.003638790282894,112.9541684639073,3.8,57,"Gunung Bromo, Probolinggo",0.16116312921053066,16.12,Aman,6.128811010288096
2024-12-24 09:57:00,-7.9969767549905,112.8987166263653,4.49,27,"Gunung Bromo, Probolinggo",0.009538218947109392,0.95,Aman,7.0792380763469485
2024-12-25 14:41:00,-8.076085716802568,114.3072110457359,4.31,41,"Gunung Ijen, Banyuwangi",0.00762796666931709,0.76,Aman,6.706156626139898
2024-12-30 02:44:00,-7.968814089073542,112.3771109259309,2.42,64,"Gunung Kelud, Kediri",0.017712061447299723,1.77,Aman,3.1826521171116493
