cluster_id,Acquired_Date,cnn_angle_deg,cnn_distance_km
0,2022-01-01 07:57:00,215.17230224609375,53.09162139892578
0,2022-01-02 03:26:00,215.17230224609375,53.09162139892578
0,2022-01-02 11:35:00,215.17230224609375,53.09162139892578
0,2022-01-02 16:55:00,215.17230224609375,53.09162139892578
0,2022-01-04 08:46:00,215.17230224609375,53.09162139892578
0,2022-01-05 23:11:00,215.17230224609375,53.09162139892578
0,2022-01-06 15:39:00,215.17230224609375,53.09162139892578
0,2022-01-08 09:01:00,215.17230224609375,53.09162139892578
0,2022-01-08 19:53:00,215.17230224609375,53.09162139892578
0,2022-01-11 11:38:00,215.17230224609375,53.09162139892578
0,2022-01-11 22:58:00,215.17230224609375,53.09162139892578
0,2022-01-12 02:39:00,215.17230224609375,53.09162139892578
0,2022-01-12 09:16:00,215.17230224609375,53.09162139892578
0,2022-02-04 16:58:00,215.17230224609375,53.09162139892578
0,2022-02-04 17:36:00,215.17230224609375,53.09162139892578
0,2022-02-04 20:59:00,215.17230224609375,53.09162139892578
0,2022-02-05 01:30:00,215.17230224609375,53.09162139892578
0,2022-02-05 18:06:00,215.17230224609375,53.09162139892578
0,2022-02-06 22:40:00,215.17230224609375,53.09162139892578
0,2022-02-07 14:59:00,215.17230224609375,53.09162139892578
0,2022-02-08 06:14:00,215.17230224609375,53.09162139892578
0,2022-02-08 07:27:00,215.17230224609375,53.09162139892578
0,2022-02-08 18:01:00,215.17230224609375,53.09162139892578
0,2022-02-09 16:32:00,215.17230224609375,53.09162139892578
0,2022-02-11 00:39:00,215.17230224609375,53.09162139892578
0,2022-02-11 05:55:00,215.17230224609375,53.09162139892578
0,2022-02-11 06:12:00,215.17230224609375,53.09162139892578
0,2022-02-11 11:54:00,215.17230224609375,53.09162139892578
0,2022-02-12 10:24:00,215.17230224609375,53.09162139892578
0,2022-02-12 12:54:00,215.17230224609375,53.09162139892578
0,2022-03-02 03:39:00,157.5415802001953,68.32929992675781
0,2022-03-03 14:55:00,153.4090576171875,61.47193908691406
0,2022-03-05 20:06:00,149.6688690185547,62.52210235595703
0,2022-03-07 02:47:00,147.48876953125,63.447059631347656
0,2022-03-07 11:34:00,160.44485473632812,66.12273406982422
0,2022-03-08 04:37:00,154.24317932128906,58.050472259521484
0,2022-03-08 19:56:00,146.69140625,61.43013381958008
0,2022-03-09 05:39:00,145.2070770263672,62.09440994262695
0,2022-03-09 18:57:00,150.92652893066406,64.15702056884766
0,2022-03-11 08:49:00,165.3397979736328,67.13362884521484
0,2022-03-11 11:31:00,144.12161254882812,62.751686096191406
0,2022-03-11 14:05:00,155.53082275390625,60.50464630126953
0,2022-03-12 11:38:00,149.21783447265625,60.29945755004883
0,2022-03-12 13:01:00,154.20089721679688,61.11095428466797
0,2022-04-01 13:41:00,152.2115020751953,62.01788330078125
0,2022-04-02 03:40:00,155.48989868164062,57.5978889465332
0,2022-04-04 01:51:00,151.83554077148438,62.189292907714844
0,2022-04-07 07:27:00,149.05239868164062,62.55788803100586
0,2022-05-04 06:29:00,155.8839111328125,60.2201042175293
0,2022-05-04 18:14:00,147.91880798339844,60.880828857421875
0,2022-05-04 21:49:00,155.82843017578125,59.85101318359375
0,2022-05-05 02:48:00,145.5752410888672,61.92962646484375
0,2022-05-05 15:21:00,155.51202392578125,57.744998931884766
0,2022-05-06 03:44:00,155.7543182373047,60.40276336669922
0,2022-05-06 05:17:00,149.21588134765625,62.54839324951172
0,2022-05-06 13:15:00,153.04473876953125,58.586795806884766
0,2022-05-07 16:11:00,155.6822509765625,58.87809371948242
0,2022-05-07 17:32:00,154.05572509765625,61.1771354675293
0,2022-05-08 14:48:00,149.4683837890625,62.533748626708984
0,2022-05-09 11:59:00,151.33322143554688,65.48783874511719
0,2022-05-09 21:44:00,150.18710327148438,62.492034912109375
0,2022-05-10 06:43:00,155.85760498046875,60.045005798339844
0,2022-05-10 07:42:00,151.97610473632812,62.125186920166016
0,2022-05-12 11:48:00,160.57395935058594,70.52651977539062
0,2022-06-04 01:06:00,152.00450134277344,66.0129165649414
0,2022-06-04 01:52:00,154.6481475830078,60.907047271728516
0,2022-06-04 21:44:00,155.71514892578125,60.420631408691406
0,2022-06-06 18:50:00,154.3285675048828,61.052734375
0,2022-06-07 21:13:00,162.63182067871094,66.57437133789062
0,2022-06-10 12:36:00,167.4882049560547,67.57731628417969
0,2022-07-01 07:34:00,147.52711486816406,63.454978942871094
0,2022-07-05 09:53:00,150.53439331054688,64.07603454589844
0,2022-07-05 15:57:00,153.48878479003906,64.6861801147461
0,2022-07-06 08:16:00,154.75979614257812,60.85615158081055
0,2022-07-06 22:15:00,155.7672119140625,59.44353485107422
0,2022-07-07 01:35:00,147.1009521484375,61.24684143066406
0,2022-07-07 03:11:00,147.26918029785156,61.171539306640625
0,2022-07-09 01:33:00,168.86016845703125,67.86064147949219
0,2022-07-10 06:27:00,146.9171142578125,61.32912063598633
0,2022-07-11 23:32:00,150.8882293701172,59.551918029785156
0,2022-07-12 08:40:00,167.2318572998047,67.52436065673828
0,2022-07-12 17:01:00,146.0665740966797,61.70975112915039
0,2022-07-12 23:21:00,155.42494201660156,60.55291748046875
0,2022-08-02 17:55:00,153.81954956054688,61.284793853759766
0,2022-08-02 19:32:00,196.62452697753906,71.657470703125
0,2022-08-07 02:04:00,149.89739990234375,59.995330810546875
0,2022-08-08 09:30:00,144.15542602539062,62.62024688720703
0,2022-08-09 03:25:00,144.55661010742188,62.41751480102539
0,2022-08-09 17:25:00,146.1490020751953,61.67285919189453
0,2022-08-10 12:13:00,151.67047119140625,62.264530181884766
0,2022-08-11 11:40:00,149.59860229492188,62.52619171142578
0,2022-08-11 11:48:00,154.130615234375,61.14298629760742
0,2022-08-11 12:53:00,151.6610870361328,62.268821716308594
0,2022-08-12 13:29:00,153.84315490722656,61.274051666259766
0,2022-09-02 08:47:00,155.5851593017578,60.479881286621094
0,2022-09-02 15:54:00,145.6266326904297,61.90664291381836
0,2022-09-03 13:06:00,155.50289916992188,57.684471130371094
0,2022-09-03 19:19:00,155.8802490234375,60.1959342956543
0,2022-09-05 10:00:00,159.26898193359375,69.65189361572266
0,2022-09-06 04:19:00,159.74961853027344,70.0199203491211
0,2022-09-06 21:17:00,155.4752655029297,60.529972076416016
0,2022-09-07 07:29:00,154.26852416992188,64.84720611572266
0,2022-09-07 13:40:00,163.84239196777344,66.82438659667969
0,2022-09-08 17:08:00,146.111083984375,63.162540435791016
0,2022-09-08 21:20:00,150.37319946289062,64.0427474975586
0,2022-09-09 01:19:00,149.87759399414062,62.50999450683594
0,2022-09-11 02:06:00,153.26080322265625,61.53952407836914
0,2022-09-11 03:06:00,151.1707763671875,65.31797790527344
0,2022-09-11 04:35:00,153.4616241455078,61.44797134399414
0,2022-09-11 22:42:00,153.5589141845703,58.356689453125
0,2022-10-02 20:02:00,146.2430419921875,61.630760192871094
0,2022-10-03 02:23:00,147.74478149414062,60.95870590209961
0,2022-10-06 22:28:00,169.54412841796875,68.00189971923828
0,2022-10-07 02:51:00,148.49685668945312,60.62213134765625
0,2022-10-08 02:43:00,167.77284240722656,67.6360855102539
0,2022-10-08 10:34:00,152.33059692382812,58.90639877319336
0,2022-10-10 00:20:00,154.13856506347656,64.82035827636719
0,2022-10-10 22:32:00,191.1366424560547,71.10627746582031
0,2022-10-11 01:28:00,162.55662536621094,66.55884552001953
0,2022-10-11 23:18:00,158.6156768798828,65.7449722290039
0,2022-11-02 11:06:00,187.72915649414062,70.7640151977539
0,2022-11-03 02:13:00,164.67153930664062,66.99562072753906
0,2022-11-03 09:46:00,146.794677734375,61.38389205932617
0,2022-11-03 11:43:00,155.56118774414062,58.07225036621094
0,2022-11-03 18:07:00,155.5701141357422,58.13176727294922
0,2022-11-04 05:21:00,146.15512084960938,61.67012405395508
0,2022-11-05 02:00:00,153.05592346191406,64.5967788696289
0,2022-11-05 14:08:00,151.71998596191406,64.32088470458984
0,2022-11-05 16:57:00,178.00559997558594,69.74935150146484
0,2022-11-06 03:03:00,188.30149841308594,70.82150268554688
0,2022-11-06 03:57:00,218.26344299316406,73.83092498779297
0,2022-11-07 14:51:00,247.3626708984375,76.75369262695312
0,2022-11-09 03:46:00,213.34732055664062,73.33715057373047
0,2022-11-09 03:49:00,152.70367431640625,64.52403259277344
0,2022-11-09 05:33:00,154.34205627441406,64.86238861083984
0,2022-11-11 22:46:00,153.47576904296875,58.39390563964844
0,2022-11-12 03:11:00,150.45144653320312,59.747398376464844
0,2022-11-12 19:00:00,148.91744995117188,63.74210739135742
0,2022-12-01 02:21:00,144.6376953125,62.376548767089844
0,2022-12-01 09:01:00,148.87747192382812,60.45180130004883
0,2022-12-02 14:08:00,155.7755126953125,59.498619079589844
0,2022-12-04 22:12:00,147.5380859375,63.457237243652344
0,2022-12-04 22:12:00,148.4382781982422,60.64835739135742
0,2022-12-04 23:04:00,144.90306091308594,62.242435455322266
0,2022-12-06 06:49:00,145.65061950683594,61.89590072631836
0,2022-12-06 18:53:00,155.1410369873047,65.02738952636719
0,2022-12-07 05:48:00,160.90045166015625,66.2168197631836
0,2022-12-09 09:20:00,193.92153930664062,71.38599395751953
0,2022-12-10 02:13:00,155.89820861816406,65.18376159667969
0,2022-12-10 05:59:00,213.68186950683594,73.37074279785156
0,2022-12-10 07:47:00,187.41407775878906,70.73237609863281
0,2022-12-11 13:19:00,190.51348876953125,71.04368591308594
0,2022-12-11 20:55:00,155.85525512695312,60.356754302978516
0,2022-12-11 23:32:00,147.96742248535156,60.859046936035156
0,2022-12-12 02:43:00,160.51446533203125,70.49300384521484
0,2022-12-12 18:03:00,154.09205627441406,58.11810302734375
0,2023-01-01 01:41:00,155.59031677246094,58.266151428222656
0,2023-01-02 04:39:00,150.24351501464844,64.34823608398438
0,2023-01-06 06:18:00,152.2950439453125,61.979801177978516
0,2023-01-06 22:21:00,150.04559326171875,62.50025177001953
0,2023-01-07 03:12:00,160.234130859375,70.33509063720703
0,2023-01-07 16:35:00,151.76576232910156,62.22108459472656
0,2023-01-09 03:49:00,152.5703582763672,61.85429000854492
0,2023-01-10 01:16:00,151.56130981445312,62.31429672241211
0,2023-01-11 06:03:00,153.68997192382812,64.72772216796875
0,2023-01-11 18:49:00,154.4912109375,57.93946838378906
0,2023-01-12 07:00:00,155.6562957763672,58.70534133911133
0,2023-01-12 07:37:00,159.56234741210938,65.94047546386719
0,2023-01-12 16:09:00,162.01327514648438,66.44664001464844
0,2023-01-12 19:00:00,181.04397583007812,70.09254455566406
0,2023-02-01 19:44:00,178.52842712402344,69.83988952636719
0,2023-02-02 00:40:00,154.5120849609375,64.89750671386719
0,2023-02-02 14:23:00,168.85964965820312,67.86054229736328
0,2023-02-03 04:26:00,172.54840087890625,68.62232971191406
0,2023-02-03 15:41:00,147.86822509765625,63.52542495727539
0,2023-02-04 10:50:00,146.94888305664062,61.31489944458008
0,2023-02-04 11:46:00,154.93304443359375,60.77716827392578
0,2023-02-04 12:26:00,155.392822265625,60.56755828857422
0,2023-02-04 13:15:00,153.3074188232422,61.51827621459961
0,2023-02-04 17:51:00,155.50413513183594,57.69257354736328
0,2023-02-05 18:37:00,165.6085205078125,70.27823638916016
0,2023-02-05 21:18:00,151.97911071777344,65.99394989013672
0,2023-02-07 01:39:00,154.09071350097656,61.161170959472656
0,2023-02-07 03:56:00,148.01669311523438,60.83699417114258
0,2023-02-07 10:41:00,151.6819305419922,59.19672393798828
0,2023-02-07 17:31:00,195.21173095703125,71.51558685302734
0,2023-02-09 02:55:00,175.17962646484375,69.16573333740234
0,2023-02-09 09:29:00,147.88442993164062,63.528770446777344
0,2023-02-10 05:34:00,146.2228546142578,61.63983154296875
0,2023-02-10 10:29:00,184.6849365234375,70.458251953125
0,2023-02-10 10:40:00,149.44996643066406,60.19556427001953
0,2023-02-10 10:42:00,171.33294677734375,68.31452941894531
0,2023-02-11 19:42:00,180.84078979492188,65.05294036865234
0,2023-02-11 20:55:00,191.913818359375,54.14247512817383
0,2023-02-12 16:11:00,187.31114196777344,59.4562873840332
0,2023-03-01 03:47:00,155.8791961669922,60.188846588134766
0,2023-03-01 17:31:00,188.47496032714844,58.11264419555664
0,2023-03-02 08:16:00,183.5264434814453,63.82575225830078
0,2023-03-02 23:42:00,170.86395263671875,68.47541046142578
0,2023-03-10 11:48:00,181.26731872558594,64.90663146972656
0,2023-04-01 14:32:00,181.2513885498047,64.91210174560547
0,2023-04-02 13:59:00,167.82872009277344,69.5166244506836
0,2023-04-02 18:35:00,162.86070251464844,71.79932403564453
0,2023-04-03 09:38:00,173.80230712890625,67.4674301147461
0,2023-04-03 21:28:00,165.30926513671875,70.38089752197266
0,2023-04-03 23:09:00,166.76564025878906,69.88130187988281
0,2023-04-04 07:29:00,184.22218322753906,63.02249526977539
0,2023-04-05 14:14:00,156.33465576171875,67.40522766113281
0,2023-04-06 15:23:00,151.36209106445312,59.33985137939453
0,2023-04-07 01:26:00,155.2493896484375,60.632957458496094
0,2023-04-07 10:11:00,153.98236083984375,61.21058654785156
0,2023-04-09 08:28:00,153.4914093017578,58.38690948486328
0,2023-04-09 09:50:00,147.96426391601562,60.860477447509766
0,2023-04-10 11:17:00,179.96188354492188,65.35444641113281
0,2023-04-10 13:30:00,155.7110137939453,67.21072387695312
0,2023-04-11 08:44:00,183.4188690185547,63.94992446899414
0,2023-04-12 21:18:00,187.76446533203125,58.93294906616211
0,2023-04-12 23:47:00,185.93994140625,61.03934097290039
0,2023-05-03 08:04:00,150.8286590576172,64.96015930175781
0,2023-05-03 16:17:00,146.46566772460938,61.53116226196289
0,2023-05-04 03:12:00,144.78128051757812,62.30397033691406
0,2023-05-04 03:42:00,150.24856567382812,64.01701354980469
0,2023-05-05 00:49:00,150.9629669189453,62.44699478149414
0,2023-05-06 20:47:00,150.65003967285156,59.65851593017578
0,2023-05-07 22:46:00,154.8080291748047,60.83416748046875
0,2023-05-09 00:02:00,146.02938842773438,61.72638702392578
0,2023-05-09 02:59:00,161.41357421875,66.32279205322266
0,2023-05-09 13:27:00,150.31646728515625,64.03103637695312
0,2023-05-10 10:36:00,155.2052459716797,60.65306854248047
0,2023-05-10 11:05:00,151.6883544921875,62.256370544433594
0,2023-05-10 16:36:00,154.67947387695312,66.9032211303711
0,2023-05-12 04:15:00,154.8133544921875,60.831729888916016
0,2023-05-12 06:31:00,155.77317810058594,59.48316955566406
0,2023-06-04 19:30:00,168.69143676757812,67.82579803466797
0,2023-06-05 15:32:00,170.3014373779297,68.1583023071289
0,2023-06-06 01:21:00,155.1946258544922,65.03845977783203
0,2023-06-06 12:56:00,154.4026336669922,64.8749008178711
0,2023-06-08 13:52:00,147.18606567382812,61.208736419677734
0,2023-06-08 22:47:00,155.5731201171875,58.15179443359375
0,2023-06-08 23:37:00,149.39015197753906,60.22235870361328
0,2023-06-09 16:29:00,145.41683959960938,62.00053787231445
0,2023-06-10 21:15:00,180.47044372558594,70.03494262695312
0,2023-06-11 01:27:00,145.00723266601562,62.18981170654297
0,2023-06-12 00:05:00,186.35621643066406,70.62611389160156
0,2023-07-01 19:05:00,179.16481018066406,69.90380096435547
0,2023-07-02 10:34:00,165.29315185546875,67.12399291992188
0,2023-07-02 23:39:00,155.86865234375,60.11851501464844
0,2023-07-03 13:27:00,152.5400390625,61.86810302734375
0,2023-07-05 10:28:00,155.70693969726562,59.04241943359375
0,2023-07-05 18:42:00,149.94210815429688,59.9753303527832
0,2023-07-06 08:40:00,147.13131713867188,63.37323760986328
0,2023-07-06 15:26:00,169.35140991210938,67.96208953857422
0,2023-07-06 17:39:00,152.42718505859375,58.863182067871094
0,2023-07-08 02:13:00,155.5684051513672,58.120391845703125
0,2023-07-09 11:12:00,153.10604858398438,61.61006546020508
0,2023-07-10 05:07:00,155.40843200683594,60.56045913696289
0,2023-07-10 17:28:00,149.51019287109375,63.58131790161133
0,2023-07-11 00:38:00,155.15283203125,60.67698669433594
0,2023-08-01 00:44:00,149.33572387695312,63.8284912109375
0,2023-08-01 17:47:00,160.5872802734375,66.15214538574219
0,2023-08-02 01:18:00,165.4852752685547,67.16366577148438
0,2023-08-03 18:33:00,156.61135864257812,65.33103942871094
0,2023-08-04 08:02:00,186.49203491210938,70.63976287841797
0,2023-08-04 23:50:00,197.66281127929688,71.76176452636719
0,2023-08-05 07:46:00,184.82203674316406,70.47203063964844
0,2023-08-06 17:25:00,151.86032104492188,64.34986877441406
0,2023-08-09 05:24:00,160.9536590576172,66.2278060913086
0,2023-08-12 01:12:00,155.8010711669922,59.668827056884766
0,2023-09-01 17:49:00,155.8765411376953,60.17109680175781
0,2023-09-03 05:06:00,145.45004272460938,61.98567199707031
0,2023-09-03 20:43:00,234.72689819335938,75.48454284667969
0,2023-09-04 11:51:00,244.0624237060547,76.42221069335938
0,2023-09-05 02:33:00,146.20712280273438,61.6468620300293
0,2023-09-05 07:35:00,151.04135131835938,62.44244384765625
0,2023-09-05 22:59:00,147.0194549560547,63.350135803222656
0,2023-09-06 09:40:00,153.24560546875,58.49693298339844
0,2023-09-08 10:47:00,162.495849609375,66.54630279541016
0,2023-09-09 03:26:00,190.9150848388672,71.08402252197266
0,2023-09-09 08:01:00,184.10877990722656,70.40037536621094
0,2023-09-10 11:24:00,165.63119506835938,67.19380950927734
0,2023-09-11 07:10:00,183.50657653808594,70.33989715576172
0,2023-09-12 05:18:00,167.28436279296875,67.53520965576172
0,2023-09-12 17:31:00,155.34776306152344,57.58300018310547
0,2023-10-02 22:45:00,152.66436767578125,61.811424255371094
0,2023-10-03 01:06:00,153.26065063476562,58.49018096923828
0,2023-10-04 08:18:00,149.84242248535156,60.01995849609375
0,2023-10-04 23:02:00,152.22073364257812,62.0136604309082
0,2023-10-05 20:38:00,161.019287109375,70.77738189697266
0,2023-10-06 02:38:00,153.47833251953125,66.54517364501953
0,2023-10-06 06:07:00,168.93235778808594,69.13803100585938
0,2023-10-06 23:24:00,149.974853515625,62.50434494018555
0,2023-10-07 13:44:00,151.58909606933594,62.301612854003906
0,2023-10-07 18:08:00,154.64222717285156,57.871883392333984
0,2023-10-09 01:14:00,151.49171447753906,59.28184509277344
0,2023-10-09 03:07:00,145.33067321777344,62.03908920288086
0,2023-10-09 19:25:00,146.76876831054688,63.29835510253906
0,2023-10-10 08:34:00,155.58921813964844,65.11994934082031
0,2023-10-10 20:29:00,179.03834533691406,69.89110565185547
0,2023-10-12 05:10:00,202.7867889404297,72.27643585205078
0,2023-11-01 07:54:00,174.7554473876953,69.07813262939453
0,2023-11-02 04:47:00,145.2902374267578,62.99302673339844
0,2023-11-02 19:23:00,154.69517517089844,60.8856201171875
0,2023-11-03 02:49:00,151.69927978515625,62.25138473510742
0,2023-11-03 05:51:00,150.2021942138672,64.30499267578125
0,2023-11-04 01:07:00,149.8594970703125,62.511051177978516
0,2023-11-06 00:36:00,155.8780975341797,60.181488037109375
0,2023-11-06 14:42:00,153.589111328125,61.38983917236328
0,2023-11-07 11:24:00,151.5931854248047,62.29977035522461
0,2023-11-08 06:49:00,156.77865600585938,67.74517822265625
0,2023-11-09 00:01:00,153.3631134033203,61.49288558959961
0,2023-11-09 08:01:00,154.3627166748047,64.86666107177734
0,2023-11-11 12:08:00,145.797607421875,61.83012008666992
0,2023-11-11 14:21:00,145.3048095703125,62.0506591796875
0,2023-11-11 14:47:00,155.755615234375,59.3663215637207
0,2023-11-12 01:27:00,149.93267822265625,63.951778411865234
0,2023-11-12 20:36:00,155.67965698242188,58.8608512878418
0,2023-12-01 01:06:00,145.2700958251953,62.06619644165039
0,2023-12-01 23:59:00,148.4543914794922,60.64112091064453
0,2023-12-03 08:11:00,155.6661834716797,58.77112579345703
0,2023-12-03 19:14:00,154.67530822753906,60.89467239379883
0,2023-12-05 10:44:00,155.74676513671875,59.30751037597656
0,2023-12-06 02:01:00,145.3433074951172,62.03342056274414
0,2023-12-07 15:30:00,151.9870147705078,62.12022399902344
0,2023-12-08 01:47:00,155.76699829101562,59.44203567504883
0,2023-12-08 18:39:00,146.3586883544922,63.21367645263672
0,2023-12-10 21:41:00,147.3170623779297,61.150115966796875
0,2023-12-11 02:50:00,155.48402404785156,57.558692932128906
0,2023-12-11 03:18:00,149.7272186279297,62.518714904785156
0,2023-12-11 07:14:00,155.02870178222656,57.7039794921875
0,2023-12-11 09:58:00,152.0000762939453,59.05432891845703
0,2023-12-12 07:04:00,171.12368774414062,68.32810974121094
0,2024-01-01 15:30:00,191.3379364013672,71.1264877319336
0,2024-01-02 04:44:00,153.77505493164062,61.305076599121094
0,2024-01-02 08:30:00,152.31983947753906,61.9684944152832
0,2024-01-02 10:56:00,152.81529235839844,58.68949890136719
0,2024-01-02 21:14:00,150.4768829345703,59.736000061035156
0,2024-01-03 01:43:00,144.82388305664062,62.28244400024414
0,2024-01-06 05:31:00,144.43081665039062,62.8155403137207
0,2024-01-07 07:22:00,144.015380859375,62.69101333618164
0,2024-01-07 20:18:00,155.75628662109375,59.37085723876953
0,2024-01-08 17:42:00,151.69253540039062,65.77983856201172
0,2024-01-08 21:52:00,152.91204833984375,61.69850158691406
0,2024-01-09 06:12:00,156.12704467773438,67.33472442626953
0,2024-01-09 15:46:00,158.4479217529297,69.02326202392578
0,2024-01-09 23:29:00,160.262939453125,70.351318359375
0,2024-01-10 08:26:00,157.8372039794922,68.55565643310547
0,2024-01-10 16:38:00,152.79014587402344,61.75408172607422
0,2024-01-12 16:37:00,159.85191345214844,70.09823608398438
0,2024-02-01 12:08:00,155.24891662597656,60.63317108154297
0,2024-02-01 22:17:00,170.3312530517578,68.16445922851562
0,2024-02-02 09:58:00,189.41226196289062,70.93306732177734
0,2024-02-02 18:49:00,186.58445739746094,70.6490478515625
0,2024-02-03 17:01:00,155.26434326171875,65.0528564453125
0,2024-02-04 19:31:00,144.85162353515625,62.268428802490234
0,2024-02-04 20:45:00,163.56092834472656,66.76625061035156
0,2024-02-05 04:06:00,154.17950439453125,64.82881164550781
0,2024-02-05 07:17:00,152.19931030273438,64.41987609863281
0,2024-02-05 12:54:00,155.78675842285156,59.5735969543457
0,2024-02-06 06:54:00,157.4564666748047,65.50557708740234
0,2024-02-08 18:27:00,159.06393432617188,65.83753967285156
0,2024-02-09 12:27:00,162.7055206298828,66.589599609375
0,2024-02-11 08:43:00,188.8422393798828,70.87580871582031
0,2024-03-01 10:50:00,148.81362915039062,63.72066879272461
0,2024-03-01 15:42:00,154.10182189941406,64.81278228759766
0,2024-03-02 16:37:00,175.0303955078125,67.04615020751953
0,2024-03-03 18:19:00,150.42247009277344,64.53535461425781
0,2024-03-03 21:05:00,157.8708038330078,65.59114074707031
0,2024-03-04 04:56:00,185.53890991210938,70.54402923583984
0,2024-03-05 04:45:00,161.46749877929688,66.33392333984375
0,2024-03-05 16:15:00,164.17628479003906,66.89334106445312
0,2024-03-05 16:25:00,163.1368865966797,66.67868041992188
0,2024-03-06 05:06:00,209.84197998046875,72.98506164550781
0,2024-03-06 18:31:00,154.49110412597656,64.8931655883789
0,2024-03-07 11:19:00,146.0436248779297,61.72002410888672
0,2024-03-09 04:17:00,155.85470581054688,60.356990814208984
0,2024-03-10 07:20:00,158.60519409179688,69.14366149902344
0,2024-03-10 14:51:00,150.94131469726562,65.07798767089844
0,2024-03-11 12:45:00,183.4675750732422,63.89369201660156
0,2024-04-01 11:40:00,159.97457885742188,70.18888854980469
0,2024-04-02 12:58:00,155.77151489257812,59.47226333618164
0,2024-04-03 00:06:00,152.15423583984375,58.98533630371094
0,2024-04-03 01:06:00,155.59011840820312,58.26481628417969
0,2024-04-04 20:20:00,155.63558959960938,58.567447662353516
0,2024-04-05 07:58:00,155.75950622558594,59.39223861694336
0,2024-04-05 21:46:00,154.70684814453125,60.88029098510742
0,2024-04-06 05:25:00,167.0065460205078,69.79866790771484
0,2024-04-06 11:42:00,161.76040649414062,71.1948471069336
0,2024-04-06 12:40:00,149.2594757080078,63.319122314453125
0,2024-04-06 18:25:00,155.89080810546875,60.26618576049805
0,2024-04-07 00:48:00,155.0703887939453,67.01974487304688
0,2024-04-07 16:46:00,161.24124145507812,70.90239715576172
0,2024-04-09 01:54:00,151.48265075683594,62.35016632080078
0,2024-04-09 03:25:00,161.97654724121094,66.43905639648438
0,2024-04-09 16:40:00,144.5811767578125,62.40509796142578
0,2024-04-09 20:31:00,151.8149871826172,59.13717269897461
0,2024-04-09 21:42:00,155.86831665039062,60.1163444519043
0,2024-04-10 04:10:00,155.78575134277344,59.566890716552734
0,2024-04-10 05:47:00,144.9943389892578,62.1962890625
0,2024-04-10 15:11:00,155.55409240722656,58.02503967285156
0,2024-04-11 14:13:00,146.2090606689453,61.6459846496582
0,2024-04-11 16:17:00,155.5138397216797,57.75703811645508
0,2024-04-12 00:46:00,153.28036499023438,61.53061294555664
0,2024-04-12 01:04:00,155.73324584960938,60.4123649597168
0,2024-05-02 14:19:00,159.2030029296875,65.86626434326172
0,2024-05-02 16:58:00,187.14471435546875,70.705322265625
0,2024-05-03 00:10:00,198.4697723388672,71.84282684326172
0,2024-05-03 14:34:00,175.59304809570312,69.25111389160156
0,2024-05-04 07:26:00,182.1242218017578,70.2010498046875
0,2024-05-05 07:29:00,177.4789581298828,69.64057922363281
0,2024-05-06 04:20:00,172.54388427734375,68.62140655517578
0,2024-05-08 09:41:00,179.25331115722656,69.91270446777344
0,2024-05-09 04:44:00,159.70175170898438,65.96926879882812
0,2024-05-11 03:31:00,172.909423828125,68.69688415527344
0,2024-05-11 11:37:00,152.28500366210938,64.43756866455078
0,2024-05-12 08:39:00,164.5283203125,66.9660415649414
0,2024-05-12 11:37:00,164.42247009277344,66.94418334960938
0,2024-06-01 22:05:00,149.50587463378906,60.170555114746094
0,2024-06-03 18:57:00,144.39727783203125,62.808616638183594
0,2024-06-04 08:53:00,152.1854248046875,58.97138214111328
0,2024-06-05 23:20:00,153.29156494140625,61.5255012512207
0,2024-06-07 09:17:00,157.8974151611328,68.60176086425781
0,2024-06-07 19:49:00,151.19932556152344,65.34779357910156
0,2024-06-08 16:57:00,155.71206665039062,59.0764045715332
0,2024-06-09 15:12:00,150.6551055908203,64.77867126464844
0,2024-06-10 07:45:00,149.9024200439453,62.50856018066406
0,2024-06-11 04:02:00,155.72215270996094,59.143592834472656
0,2024-06-12 03:02:00,146.3286590576172,61.592464447021484
0,2024-06-12 06:30:00,195.675048828125,71.56211853027344
0,2024-06-12 07:23:00,180.71859741210938,70.05986022949219
0,2024-06-12 22:00:00,144.50091552734375,62.44565963745117
0,2024-07-02 18:07:00,147.1595916748047,61.2205924987793
0,2024-07-05 03:36:00,155.5316925048828,57.876068115234375
0,2024-07-05 15:26:00,148.61929321289062,62.64960861206055
0,2024-07-05 22:00:00,148.9593963623047,62.563289642333984
0,2024-07-05 22:14:00,155.18728637695312,60.66126251220703
0,2024-07-06 02:30:00,155.60263061523438,58.34818649291992
0,2024-07-06 20:43:00,160.14183044433594,70.2831039428711
0,2024-07-08 11:12:00,151.95216369628906,62.136112213134766
0,2024-07-09 01:19:00,155.674560546875,58.826839447021484
0,2024-07-09 01:55:00,150.83535766601562,62.454402923583984
0,2024-07-09 20:19:00,157.06317138671875,67.9630126953125
0,2024-07-09 20:27:00,155.86280822753906,60.079837799072266
0,2024-07-10 14:34:00,152.50497436523438,61.884098052978516
0,2024-07-11 02:44:00,149.88876342773438,63.97724151611328
0,2024-07-11 15:27:00,159.3541717529297,69.7171401977539
0,2024-07-12 16:00:00,181.26438903808594,64.90763854980469
0,2024-08-02 10:10:00,174.39501953125,67.26410675048828
0,2024-08-03 07:06:00,152.0460205078125,59.033775329589844
0,2024-08-03 22:46:00,150.10948181152344,59.90044021606445
0,2024-08-05 00:26:00,149.952880859375,59.97050857543945
0,2024-08-06 18:28:00,150.01576232910156,63.96893310546875
0,2024-08-08 19:32:00,147.59359741210938,63.46870803833008
0,2024-08-09 23:58:00,155.0457305908203,65.0077133178711
0,2024-08-10 16:06:00,158.3383331298828,65.68769073486328
0,2024-08-10 22:44:00,159.99232482910156,66.02926635742188
0,2024-08-11 07:39:00,149.41946411132812,60.209232330322266
0,2024-09-02 05:26:00,147.91912841796875,63.53593444824219
0,2024-09-02 17:41:00,178.29368591308594,69.808837890625
0,2024-09-04 07:56:00,145.20245361328125,62.09645080566406
0,2024-09-04 17:23:00,149.45582580566406,60.19294357299805
0,2024-09-07 03:25:00,154.95736694335938,60.766075134277344
0,2024-09-08 16:58:00,151.9336700439453,62.14454650878906
0,2024-09-09 03:00:00,153.058349609375,61.63182067871094
0,2024-09-09 11:53:00,157.86587524414062,68.5776138305664
0,2024-09-09 18:33:00,144.60304260253906,62.85110855102539
0,2024-09-10 12:39:00,144.74639892578125,62.321590423583984
0,2024-09-10 23:00:00,156.7002716064453,65.34940338134766
0,2024-09-11 02:29:00,176.14605712890625,69.36531829833984
0,2024-09-12 08:19:00,208.7079620361328,72.87116241455078
0,2024-09-12 20:06:00,217.35072326660156,73.73925018310547
0,2024-10-01 16:24:00,176.57521057128906,69.45394897460938
0,2024-10-02 02:33:00,176.04393005371094,69.34423828125
0,2024-10-04 05:41:00,145.3500518798828,62.03042221069336
0,2024-10-06 02:16:00,151.81771850585938,62.197410583496094
0,2024-10-06 05:45:00,149.81954956054688,60.03018569946289
0,2024-10-06 18:16:00,152.4794921875,61.89570617675781
0,2024-10-09 14:49:00,148.71861267089844,62.58366012573242
0,2024-10-09 15:25:00,158.1967010498047,68.83089447021484
0,2024-10-09 21:26:00,155.23960876464844,60.63740921020508
0,2024-10-10 09:00:00,150.5293731689453,64.64718627929688
0,2024-10-10 14:09:00,167.09454345703125,69.76847839355469
0,2024-10-10 22:37:00,162.97593688964844,71.70870208740234
0,2024-10-10 23:42:00,158.99197387695312,69.43981170654297
0,2024-10-11 04:10:00,154.8231201171875,60.82728958129883
0,2024-10-12 02:53:00,155.6968536376953,58.97529602050781
0,2024-10-12 17:04:00,151.77499389648438,59.155059814453125
0,2024-11-01 22:50:00,148.46408081054688,60.63679504394531
0,2024-11-02 04:23:00,149.9954376220703,63.96473693847656
0,2024-11-03 03:43:00,165.912841796875,67.25196838378906
0,2024-11-03 10:36:00,188.2401580810547,70.81534576416016
0,2024-11-04 05:13:00,150.15524291992188,64.25590515136719
0,2024-11-04 12:26:00,151.05831909179688,59.47578048706055
0,2024-11-04 14:28:00,155.05606079101562,67.01547241210938
0,2024-11-04 21:54:00,163.03981018066406,71.65476989746094
0,2024-11-05 20:28:00,164.22830200195312,70.75171661376953
0,2024-11-07 19:28:00,163.60574340820312,71.1768569946289
0,2024-11-08 03:36:00,152.8437957763672,66.35601806640625
0,2024-11-09 08:18:00,187.48818969726562,59.25189208984375
0,2024-11-09 10:51:00,183.94100952148438,63.347129821777344
0,2024-11-11 07:03:00,150.75978088378906,64.88814544677734
0,2024-11-12 17:34:00,149.81832885742188,63.903594970703125
0,2024-11-12 22:01:00,155.6262664794922,58.50543975830078
0,2024-12-01 07:34:00,184.51019287109375,62.69001770019531
0,2024-12-04 19:35:00,191.39869689941406,54.73717498779297
0,2024-12-06 13:47:00,189.36846923828125,57.081092834472656
0,2024-12-07 00:14:00,185.18142700195312,61.91504669189453
0,2024-12-08 12:32:00,166.61314392089844,69.93360900878906
0,2024-12-09 00:48:00,184.8924560546875,62.2486572265625
0,2024-12-09 05:52:00,154.5420379638672,60.95542907714844
0,2024-12-10 20:58:00,150.2744140625,64.38053894042969
0,2024-12-11 18:14:00,148.8627471923828,62.904239654541016
0,2024-12-11 23:34:00,152.5871124267578,66.27950286865234
0,2024-12-12 21:49:00,153.1114044189453,61.607635498046875
0,2025-12-09 22:47:00,146.10134887695312,61.69417953491211
0,2025-12-09 22:47:00,166.45828247070312,67.36460876464844
0,2025-12-09 23:16:00,152.49835205078125,58.831329345703125
0,2025-12-09 23:16:00,156.8878936767578,67.82881927490234
0,2025-12-12 03:22:00,150.21546936035156,62.49039077758789
0,2025-12-12 05:19:00,153.24766540527344,66.47640991210938
0,2025-12-12 05:19:00,155.53758239746094,57.9152946472168
0,2025-12-12 05:41:00,149.415283203125,63.48207092285156
0,2025-12-12 05:41:00,148.70111083984375,62.73518753051758
0,2025-12-12 18:16:00,150.42938232421875,62.477962493896484
0,2025-12-12 18:16:00,155.85377502441406,60.35741424560547
0,2025-12-13 15:03:00,155.0369415283203,57.700843811035156
0,2025-12-13 15:03:00,149.70469665527344,60.08157730102539
0,2025-12-13 15:07:00,145.5331573486328,61.94846725463867
0,2025-12-13 15:07:00,148.9916229248047,60.40068817138672
0,2025-12-13 23:27:00,150.59507751464844,64.08856964111328
0,2025-12-13 23:27:00,148.79696655273438,63.717227935791016
0,2025-12-13 23:54:00,150.0277099609375,59.93701171875
0,2025-12-13 23:54:00,188.418212890625,70.8332290649414
0,2025-12-15 11:35:00,200.7292938232422,72.06976318359375
0,2025-12-15 11:35:00,211.73394775390625,73.17509460449219
0,2025-12-15 20:39:00,78.777587890625,248.50787353515625
