Acquired_Date,cnn_angle_deg,cnn_cardinal,cnn_distance_km
2022-01-01 07:57:00,339.8104248046875,Utara,43.32289123535156
2022-01-02 03:26:00,339.8104248046875,Utara,43.32289123535156
2022-01-02 11:35:00,339.8104248046875,Utara,43.32289123535156
2022-01-02 16:55:00,339.8104248046875,Utara,43.32289123535156
2022-01-04 08:46:00,339.8104248046875,Utara,43.32289123535156
2022-01-05 23:11:00,339.8104248046875,Utara,43.32289123535156
2022-01-06 15:39:00,339.8104248046875,Utara,43.32289123535156
2022-01-08 09:01:00,339.8104248046875,Utara,43.32289123535156
2022-01-08 19:53:00,339.8104248046875,Utara,43.32289123535156
2022-01-11 11:38:00,339.8104248046875,Utara,43.32289123535156
2022-01-11 22:58:00,339.8104248046875,Utara,43.32289123535156
2022-01-12 02:39:00,339.8104248046875,Utara,43.32289123535156
2022-01-12 09:16:00,339.8104248046875,Utara,43.32289123535156
2022-02-04 16:58:00,339.8104248046875,Utara,43.32289123535156
2022-02-04 17:36:00,339.8104248046875,Utara,43.32289123535156
2022-02-04 20:59:00,339.8104248046875,Utara,43.32289123535156
2022-02-05 01:30:00,339.8104248046875,Utara,43.32289123535156
2022-02-05 18:06:00,339.8104248046875,Utara,43.32289123535156
2022-02-06 22:40:00,339.8104248046875,Utara,43.32289123535156
2022-02-07 14:59:00,339.8104248046875,Utara,43.32289123535156
2022-02-08 06:14:00,339.8104248046875,Utara,43.32289123535156
2022-02-08 07:27:00,339.8104248046875,Utara,43.32289123535156
2022-02-08 18:01:00,339.8104248046875,Utara,43.32289123535156
2022-02-09 16:32:00,339.8104248046875,Utara,43.32289123535156
2022-02-11 00:39:00,339.8104248046875,Utara,43.32289123535156
2022-02-11 05:55:00,339.8104248046875,Utara,43.32289123535156
2022-02-11 06:12:00,339.8104248046875,Utara,43.32289123535156
2022-02-11 11:54:00,339.8104248046875,Utara,43.32289123535156
2022-02-12 10:24:00,339.8104248046875,Utara,43.32289123535156
2022-02-12 12:54:00,339.8104248046875,Utara,43.32289123535156
2022-03-02 03:39:00,76.28709411621094,Timur,66.15155029296875
2022-03-03 14:55:00,105.96749114990234,Timur,70.54047393798828
2022-03-05 20:06:00,135.29653930664062,Tenggara,77.0888442993164
2022-03-07 02:47:00,115.22409057617188,Tenggara,72.79930114746094
2022-03-07 11:34:00,92.10246276855469,Timur,62.54734802246094
2022-03-08 04:37:00,139.74208068847656,Tenggara,79.3252944946289
2022-03-08 19:56:00,90.8870620727539,Timur,67.80574035644531
2022-03-09 05:39:00,67.23615264892578,Timur Laut,67.46574401855469
2022-03-09 18:57:00,67.47926330566406,Timur Laut,67.14303588867188
2022-03-11 08:49:00,85.60095977783203,Timur,67.19578552246094
2022-03-11 11:31:00,68.91278076171875,Timur,67.52668762207031
2022-03-11 14:05:00,59.13419723510742,Timur Laut,65.25312805175781
2022-03-12 11:38:00,69.78318786621094,Timur,67.45790100097656
2022-03-12 13:01:00,69.73758697509766,Timur,67.56990814208984
2022-04-01 13:41:00,107.6741714477539,Timur,70.85528564453125
2022-04-02 03:40:00,99.05687713623047,Timur,69.2657699584961
2022-04-04 01:51:00,77.83028411865234,Timur,66.29915618896484
2022-04-07 07:27:00,84.64871978759766,Timur,67.08590698242188
2022-05-04 06:29:00,69.5981674194336,Timur,67.40447235107422
2022-05-04 18:14:00,68.63961029052734,Timur,67.12765502929688
2022-05-04 21:49:00,68.23023223876953,Timur,67.49092864990234
2022-05-05 02:48:00,60.56806182861328,Timur Laut,65.28707885742188
2022-05-05 15:21:00,66.04972076416016,Timur Laut,66.3797378540039
2022-05-06 03:44:00,68.9239501953125,Timur,66.98042297363281
2022-05-06 05:17:00,106.06074523925781,Timur,70.55765533447266
2022-05-06 13:15:00,90.62487030029297,Timur,67.77547454833984
2022-05-07 16:11:00,81.96245574951172,Timur,66.77596282958984
2022-05-07 17:32:00,140.22305297851562,Tenggara,82.3673095703125
2022-05-08 14:48:00,138.1717071533203,Tenggara,83.14569091796875
2022-05-09 11:59:00,123.50682067871094,Tenggara,78.98088836669922
2022-05-09 21:44:00,140.06272888183594,Tenggara,81.35334014892578
2022-05-10 06:43:00,115.86722564697266,Tenggara,70.70166778564453
2022-05-10 07:42:00,116.5913314819336,Tenggara,68.33992004394531
2022-05-12 11:48:00,135.97422790527344,Tenggara,82.5251693725586
2022-06-04 01:06:00,98.74284362792969,Timur,69.20784759521484
2022-06-04 01:52:00,124.45671081542969,Tenggara,75.19005584716797
2022-06-04 21:44:00,134.41319274902344,Tenggara,76.9380111694336
2022-06-06 18:50:00,136.23916625976562,Tenggara,77.24983978271484
2022-06-07 21:13:00,87.40098571777344,Timur,67.40349578857422
2022-06-10 12:36:00,130.101806640625,Tenggara,80.86685180664062
2022-07-01 07:34:00,97.00959777832031,Timur,68.88813781738281
2022-07-05 09:53:00,87.35517883300781,Timur,67.398193359375
2022-07-05 15:57:00,77.27116394042969,Timur,66.23465728759766
2022-07-06 08:16:00,112.0699234008789,Timur,72.82366943359375
2022-07-06 22:15:00,115.27072143554688,Tenggara,73.5097885131836
2022-07-07 01:35:00,111.67402648925781,Timur,64.5207748413086
2022-07-07 03:11:00,103.905517578125,Timur,63.737464904785156
2022-07-09 01:33:00,130.87359619140625,Tenggara,81.08480072021484
2022-07-10 06:27:00,110.9874496459961,Timur,72.1716537475586
2022-07-11 23:32:00,81.76477813720703,Timur,66.75314331054688
2022-07-12 08:40:00,90.91238403320312,Timur,67.80863952636719
2022-07-12 17:01:00,107.33946990966797,Timur,70.79353332519531
2022-07-12 23:21:00,111.1655502319336,Timur,72.27893829345703
2022-08-02 17:55:00,93.2115707397461,Timur,68.18758392333984
2022-08-02 19:32:00,71.38884735107422,Timur,66.70291900634766
2022-08-07 02:04:00,137.41961669921875,Tenggara,77.45140838623047
2022-08-08 09:30:00,66.93665313720703,Timur Laut,67.20410919189453
2022-08-09 03:25:00,63.15725326538086,Timur Laut,67.52473449707031
2022-08-09 17:25:00,70.99931335449219,Timur,66.74679565429688
2022-08-10 12:13:00,64.35961151123047,Timur Laut,68.41814422607422
2022-08-11 11:40:00,65.73563385009766,Timur Laut,68.63655853271484
2022-08-11 11:48:00,76.30699920654297,Timur,66.14930725097656
2022-08-11 12:53:00,83.77470397949219,Timur,66.98506927490234
2022-08-12 13:29:00,102.9419174194336,Timur,69.98238372802734
2022-09-02 08:47:00,109.4261245727539,Timur,71.231201171875
2022-09-02 15:54:00,104.07451629638672,Timur,70.19129943847656
2022-09-03 13:06:00,99.3709716796875,Timur,69.32371520996094
2022-09-03 19:19:00,63.173858642578125,Timur Laut,67.96026611328125
2022-09-05 10:00:00,70.73595428466797,Timur,66.77642822265625
2022-09-06 04:19:00,91.64915466308594,Timur,67.8993911743164
2022-09-06 21:17:00,66.8945541381836,Timur Laut,67.2088623046875
2022-09-07 07:29:00,61.120113372802734,Timur Laut,65.30014038085938
2022-09-07 13:40:00,63.2837028503418,Timur Laut,65.58096313476562
2022-09-08 17:08:00,64.05583190917969,Timur Laut,68.30083465576172
2022-09-08 21:20:00,69.25064086914062,Timur,67.30410766601562
2022-09-09 01:19:00,64.22367858886719,Timur Laut,65.8524169921875
2022-09-11 02:06:00,65.12163543701172,Timur Laut,66.1117172241211
2022-09-11 03:06:00,66.54833984375,Timur Laut,66.52373504638672
2022-09-11 04:35:00,66.2519760131836,Timur Laut,67.8702392578125
2022-09-11 22:42:00,85.35319519042969,Timur,67.16719818115234
2022-10-02 20:02:00,97.31942749023438,Timur,68.94529724121094
2022-10-03 02:23:00,65.99161529541016,Timur Laut,67.97254180908203
2022-10-06 22:28:00,65.762939453125,Timur Laut,68.62279510498047
2022-10-07 02:51:00,126.05317687988281,Tenggara,75.4820785522461
2022-10-08 02:43:00,64.62997436523438,Timur Laut,65.9697494506836
2022-10-08 10:34:00,63.1683235168457,Timur Laut,65.54764556884766
2022-10-10 00:20:00,63.88425827026367,Timur Laut,65.75440216064453
2022-10-10 22:32:00,65.57386016845703,Timur Laut,68.71817016601562
2022-10-11 01:28:00,68.71197509765625,Timur,67.51617431640625
2022-10-11 23:18:00,66.8478012084961,Timur Laut,68.11099243164062
2022-11-02 11:06:00,92.16449737548828,Timur,67.99446105957031
2022-11-03 02:13:00,130.37887573242188,Tenggara,76.24903869628906
2022-11-03 09:46:00,70.09347534179688,Timur,66.84877014160156
2022-11-03 11:43:00,133.7091064453125,Tenggara,76.8177490234375
2022-11-03 18:07:00,108.9811782836914,Timur,71.09635925292969
2022-11-04 05:21:00,110.03500366210938,Timur,71.59796142578125
2022-11-05 02:00:00,95.03569030761719,Timur,68.5240478515625
2022-11-05 14:08:00,100.87858581542969,Timur,69.60179901123047
2022-11-05 16:57:00,140.95542907714844,Tenggara,83.93177795410156
2022-11-06 03:03:00,99.08678436279297,Timur,69.27130126953125
2022-11-06 03:57:00,139.5960235595703,Tenggara,78.40142059326172
2022-11-07 14:51:00,133.3958282470703,Tenggara,81.79704284667969
2022-11-09 03:46:00,86.13614654541016,Timur,60.475860595703125
2022-11-09 03:49:00,108.72016906738281,Timur,71.04818725585938
2022-11-09 05:33:00,137.9354705810547,Tenggara,83.07899475097656
2022-11-11 22:46:00,98.95883178710938,Timur,69.24768829345703
2022-11-12 03:11:00,115.15860748291016,Tenggara,73.01292419433594
2022-11-12 19:00:00,116.83393859863281,Tenggara,67.54871368408203
2022-12-01 02:21:00,134.68931579589844,Tenggara,82.16230773925781
2022-12-01 09:01:00,128.38682556152344,Tenggara,80.38255310058594
2022-12-02 14:08:00,140.41033935546875,Tenggara,83.77787017822266
2022-12-04 22:12:00,140.15809631347656,Tenggara,83.7066421508789
2022-12-04 22:12:00,114.77412414550781,Tenggara,74.30522155761719
2022-12-04 23:04:00,116.4495849609375,Tenggara,68.80224609375
2022-12-06 06:49:00,114.3924789428711,Tenggara,75.78031158447266
2022-12-06 18:53:00,85.09886169433594,Timur,61.2288818359375
2022-12-07 05:48:00,115.96977233886719,Tenggara,64.95391845703125
2022-12-09 09:20:00,96.39283752441406,Timur,62.979949951171875
2022-12-10 02:13:00,107.38578033447266,Timur,64.08837890625
2022-12-10 05:59:00,139.02569580078125,Tenggara,83.38687133789062
2022-12-10 07:47:00,119.72767639160156,Tenggara,74.3250503540039
2022-12-11 13:19:00,104.33758544921875,Timur,70.23983001708984
2022-12-11 20:55:00,66.4073486328125,Timur Laut,67.54517364501953
2022-12-11 23:32:00,81.73646545410156,Timur,66.74988555908203
2022-12-12 02:43:00,70.28557586669922,Timur,66.82711791992188
2022-12-12 18:03:00,140.35922241210938,Tenggara,83.22844696044922
2023-01-01 01:41:00,126.02015686035156,Tenggara,75.4760513305664
2023-01-02 04:39:00,99.34498596191406,Timur,69.31892395019531
2023-01-06 06:18:00,115.53977966308594,Tenggara,71.76966857910156
2023-01-06 22:21:00,116.0772933959961,Tenggara,76.83365631103516
2023-01-07 03:12:00,141.1087646484375,Tenggara,83.97509765625
2023-01-07 16:35:00,139.7501220703125,Tenggara,79.37613677978516
2023-01-09 03:49:00,139.9172821044922,Tenggara,80.43328857421875
2023-01-10 01:16:00,137.65823364257812,Tenggara,77.49217987060547
2023-01-11 06:03:00,124.79591369628906,Tenggara,79.35345458984375
2023-01-11 18:49:00,110.78357696533203,Timur,72.04884338378906
2023-01-12 07:00:00,138.65855407714844,Tenggara,83.28319549560547
2023-01-12 07:37:00,121.33126831054688,Tenggara,74.61837768554688
2023-01-12 16:09:00,140.3769989013672,Tenggara,83.34071350097656
2023-01-12 19:00:00,117.0311279296875,Tenggara,77.10931396484375
2023-02-01 19:44:00,137.81370544433594,Tenggara,83.04462432861328
2023-02-02 00:40:00,140.3171844482422,Tenggara,82.96281433105469
2023-02-02 14:23:00,130.94003295898438,Tenggara,81.10355377197266
2023-02-03 04:26:00,107.65451049804688,Timur,64.1154556274414
2023-02-03 15:41:00,131.95626831054688,Tenggara,81.39053344726562
2023-02-04 10:50:00,130.53097534179688,Tenggara,76.2750244140625
2023-02-04 11:46:00,138.09239196777344,Tenggara,77.56629943847656
2023-02-04 12:26:00,111.6255111694336,Timur,72.55596923828125
2023-02-04 13:15:00,68.12901306152344,Timur,68.196533203125
2023-02-04 17:51:00,57.35097885131836,Timur Laut,65.20613861083984
2023-02-05 18:37:00,65.71187591552734,Timur Laut,66.28218078613281
2023-02-05 21:18:00,66.62850189208984,Timur Laut,67.23880767822266
2023-02-07 01:39:00,68.61884307861328,Timur,67.01476287841797
2023-02-07 03:56:00,73.99348449707031,Timur,66.40975189208984
2023-02-07 10:41:00,70.25006103515625,Timur,67.59677124023438
2023-02-07 17:31:00,99.97601318359375,Timur,69.43531036376953
2023-02-09 02:55:00,140.11587524414062,Tenggara,81.68952178955078
2023-02-09 09:29:00,133.88363647460938,Tenggara,76.84757232666016
2023-02-10 05:34:00,125.34492492675781,Tenggara,75.3525390625
2023-02-10 10:29:00,92.67150115966797,Timur,68.08797454833984
2023-02-10 10:40:00,84.7984848022461,Timur,67.10321044921875
2023-02-10 10:42:00,140.41690063476562,Tenggara,83.77973937988281
2023-02-11 19:42:00,56.694007873535156,Timur Laut,65.07221221923828
2023-02-11 20:55:00,65.64059448242188,Timur Laut,68.68450927734375
2023-02-12 16:11:00,63.04623031616211,Timur Laut,67.91097259521484
2023-03-01 03:47:00,53.454307556152344,Timur Laut,64.27877807617188
2023-03-01 17:31:00,46.694644927978516,Timur Laut,62.44926452636719
2023-03-02 08:16:00,62.24967956542969,Timur Laut,65.32688903808594
2023-03-02 23:42:00,60.802154541015625,Timur Laut,65.29261779785156
2023-03-10 11:48:00,63.7276725769043,Timur Laut,68.17411041259766
2023-04-01 14:32:00,64.08566284179688,Timur Laut,67.66435241699219
2023-04-02 13:59:00,70.02884674072266,Timur,67.52883911132812
2023-04-02 18:35:00,65.50860595703125,Timur Laut,68.75110626220703
2023-04-03 09:38:00,75.0475082397461,Timur,66.29109191894531
2023-04-03 21:28:00,102.67219543457031,Timur,69.9326400756836
2023-04-03 23:09:00,67.14832305908203,Timur Laut,66.6969985961914
2023-04-04 07:29:00,60.64794921875,Timur Laut,65.2889633178711
2023-04-05 14:14:00,53.44484329223633,Timur Laut,64.2762222290039
2023-04-06 15:23:00,62.90653991699219,Timur Laut,67.8410873413086
2023-04-07 01:26:00,66.68819427490234,Timur Laut,66.56413269042969
2023-04-07 10:11:00,72.3916244506836,Timur,66.59007263183594
2023-04-09 08:28:00,59.44343185424805,Timur Laut,65.26045227050781
2023-04-09 09:50:00,17.724519729614258,Utara,51.91694641113281
2023-04-10 11:17:00,31.305299758911133,Timur Laut,57.65020751953125
2023-04-10 13:30:00,41.422176361083984,Timur Laut,61.02225875854492
2023-04-11 08:44:00,58.99054718017578,Timur Laut,65.2497329711914
2023-04-12 21:18:00,62.82125473022461,Timur Laut,65.44742584228516
2023-04-12 23:47:00,47.51417922973633,Timur Laut,62.671077728271484
2023-05-03 08:04:00,68.456298828125,Timur,67.07471466064453
2023-05-03 16:17:00,69.01190948486328,Timur,67.53187561035156
2023-05-04 03:12:00,69.57748413085938,Timur,67.56151580810547
2023-05-04 03:42:00,95.96726989746094,Timur,68.69588470458984
2023-05-05 00:49:00,102.47769927978516,Timur,69.89675903320312
2023-05-06 20:47:00,69.3545150756836,Timur,67.5498275756836
2023-05-07 22:46:00,102.22014617919922,Timur,69.84925842285156
2023-05-09 00:02:00,68.40193939208984,Timur,67.49991607666016
2023-05-09 02:59:00,67.78241729736328,Timur,67.46745300292969
2023-05-09 13:27:00,65.50699615478516,Timur Laut,68.75190734863281
2023-05-10 10:36:00,69.43373107910156,Timur,67.55398559570312
2023-05-10 11:05:00,55.01127624511719,Timur Laut,64.70018768310547
2023-05-10 16:36:00,68.07194519042969,Timur,67.0763168334961
2023-05-12 04:15:00,70.60269165039062,Timur,66.79145050048828
2023-05-12 06:31:00,81.60181427001953,Timur,66.73435974121094
2023-06-04 19:30:00,138.53948974609375,Tenggara,77.64266967773438
2023-06-05 15:32:00,117.32659912109375,Tenggara,65.9417724609375
2023-06-06 01:21:00,85.01761627197266,Timur,67.12847900390625
2023-06-06 12:56:00,101.08657836914062,Timur,69.64017486572266
2023-06-08 13:52:00,69.42679595947266,Timur,66.92381286621094
2023-06-08 22:47:00,68.35432434082031,Timur,67.04451751708984
2023-06-08 23:37:00,132.78994750976562,Tenggara,81.6259536743164
2023-06-09 16:29:00,128.43919372558594,Tenggara,80.39733123779297
2023-06-10 21:15:00,113.31734466552734,Tenggara,64.68646240234375
2023-06-11 01:27:00,98.38014221191406,Timur,69.14095306396484
2023-06-12 00:05:00,127.5128402709961,Tenggara,75.74907684326172
2023-07-01 19:05:00,140.1382598876953,Tenggara,83.70103454589844
2023-07-02 10:34:00,97.01917266845703,Timur,63.043087005615234
2023-07-02 23:39:00,130.9287109375,Tenggara,81.100341796875
2023-07-03 13:27:00,114.06658172607422,Tenggara,73.2895278930664
2023-07-05 10:28:00,122.73207092285156,Tenggara,74.87458801269531
2023-07-05 18:42:00,140.25526428222656,Tenggara,82.57093811035156
2023-07-06 08:40:00,121.11184692382812,Tenggara,78.28871154785156
2023-07-06 15:26:00,114.88433074951172,Tenggara,73.90745544433594
2023-07-06 17:39:00,91.93623352050781,Timur,60.36833572387695
2023-07-08 02:13:00,84.91004943847656,Timur,67.1160659790039
2023-07-09 11:12:00,128.57452392578125,Tenggara,75.94091033935547
2023-07-10 05:07:00,83.31565856933594,Timur,66.93208312988281
2023-07-10 17:28:00,140.0921630859375,Tenggara,81.53965759277344
2023-07-11 00:38:00,130.44505310058594,Tenggara,80.96377563476562
2023-08-01 00:44:00,112.95027160644531,Tenggara,64.64945220947266
2023-08-01 17:47:00,101.5210952758789,Timur,63.49704360961914
2023-08-02 01:18:00,135.9536895751953,Tenggara,82.51936340332031
2023-08-03 18:33:00,73.06678771972656,Timur,66.51405334472656
2023-08-04 08:02:00,65.3968734741211,Timur Laut,67.87637329101562
2023-08-04 23:50:00,68.77059936523438,Timur,66.99766540527344
2023-08-05 07:46:00,66.30171966552734,Timur Laut,66.45252227783203
2023-08-06 17:25:00,64.31778717041016,Timur Laut,65.87959289550781
2023-08-09 05:24:00,64.50393676757812,Timur Laut,68.473876953125
2023-08-12 01:12:00,82.35023498535156,Timur,66.82070922851562
2023-09-01 17:49:00,126.48966979980469,Tenggara,79.84297180175781
2023-09-03 05:06:00,87.81112670898438,Timur,67.4508056640625
2023-09-03 20:43:00,115.65255737304688,Tenggara,71.40190887451172
2023-09-04 11:51:00,114.95439147949219,Tenggara,73.67891693115234
2023-09-05 02:33:00,136.7008056640625,Tenggara,82.73031616210938
2023-09-05 07:35:00,76.24248504638672,Timur,66.15657806396484
2023-09-05 22:59:00,69.9714584350586,Timur,66.86247253417969
2023-09-06 09:40:00,139.7865447998047,Tenggara,79.60626983642578
2023-09-08 10:47:00,115.16328430175781,Tenggara,73.49014282226562
2023-09-09 03:26:00,105.43497467041016,Timur,70.4422378540039
2023-09-09 08:01:00,141.2896728515625,Tenggara,84.02775573730469
2023-09-10 11:24:00,134.68551635742188,Tenggara,82.16123962402344
2023-09-11 07:10:00,129.02601623535156,Tenggara,80.56304168701172
2023-09-12 05:18:00,87.89826202392578,Timur,67.46087646484375
2023-09-12 17:31:00,74.71654510498047,Timur,66.32833862304688
2023-10-02 22:45:00,130.87246704101562,Tenggara,76.33334350585938
2023-10-03 01:06:00,114.89546966552734,Tenggara,73.44115447998047
2023-10-04 08:18:00,140.05404663085938,Tenggara,81.2982406616211
2023-10-04 23:02:00,140.1306610107422,Tenggara,81.78268432617188
2023-10-05 20:38:00,111.91939544677734,Timur,72.73299407958984
2023-10-06 02:38:00,117.27117919921875,Tenggara,73.87571716308594
2023-10-06 06:07:00,140.22250366210938,Tenggara,82.36393737792969
2023-10-06 23:24:00,129.83985900878906,Tenggara,80.79287719726562
2023-10-07 13:44:00,87.423583984375,Timur,67.4061050415039
2023-10-07 18:08:00,66.59101867675781,Timur Laut,67.2430191040039
2023-10-09 01:14:00,67.24151611328125,Timur Laut,67.1697998046875
2023-10-09 03:07:00,100.16402435302734,Timur,69.46998596191406
2023-10-09 19:25:00,68.18480682373047,Timur,67.06361389160156
2023-10-10 08:34:00,139.0196075439453,Tenggara,77.72467041015625
2023-10-10 20:29:00,140.3030242919922,Tenggara,82.87296295166016
2023-10-12 05:10:00,99.97640228271484,Timur,69.43537902832031
2023-11-01 07:54:00,106.27455139160156,Timur,63.9763298034668
2023-11-02 04:47:00,97.92425537109375,Timur,63.13438415527344
2023-11-02 19:23:00,110.00814056396484,Timur,71.5817642211914
2023-11-03 02:49:00,115.84001159667969,Tenggara,76.76508331298828
2023-11-03 05:51:00,141.25955200195312,Tenggara,84.01768493652344
2023-11-04 01:07:00,114.58126831054688,Tenggara,75.05054473876953
2023-11-06 00:36:00,133.24871826171875,Tenggara,76.73914337158203
2023-11-06 14:42:00,94.12113952636719,Timur,68.35535430908203
2023-11-07 11:24:00,88.50700378417969,Timur,67.5311050415039
2023-11-08 06:49:00,111.3235855102539,Timur,72.37409210205078
2023-11-09 00:01:00,66.14512634277344,Timur Laut,68.09381103515625
2023-11-09 08:01:00,87.3976821899414,Timur,67.4030990600586
2023-11-11 12:08:00,113.4056396484375,Tenggara,73.16864776611328
2023-11-11 14:21:00,81.62390899658203,Timur,66.73689270019531
2023-11-11 14:47:00,68.54479217529297,Timur,67.02308654785156
2023-11-12 01:27:00,88.07474517822266,Timur,67.48121643066406
2023-11-12 20:36:00,64.46771240234375,Timur Laut,67.72612762451172
2023-12-01 01:06:00,74.18223571777344,Timur,66.38847351074219
2023-12-01 23:59:00,83.63018798828125,Timur,66.9683837890625
2023-12-03 08:11:00,85.30830383300781,Timur,67.16202545166016
2023-12-03 19:14:00,126.32335662841797,Tenggara,79.7948989868164
2023-12-05 10:44:00,68.21499633789062,Timur,67.06021881103516
2023-12-06 02:01:00,65.41596221923828,Timur Laut,67.87946319580078
2023-12-07 15:30:00,70.54649353027344,Timur,66.79776000976562
2023-12-08 01:47:00,76.65805053710938,Timur,66.16390991210938
2023-12-08 18:39:00,64.24443817138672,Timur Laut,68.3736572265625
2023-12-10 21:41:00,63.81175231933594,Timur Laut,68.20659637451172
2023-12-11 02:50:00,64.91666412353516,Timur Laut,68.63324737548828
2023-12-11 03:18:00,70.78264617919922,Timur,66.77117156982422
2023-12-11 07:14:00,113.11652374267578,Tenggara,73.11576843261719
2023-12-11 09:58:00,116.23884582519531,Tenggara,73.6868896484375
2023-12-12 07:04:00,66.53360748291016,Timur Laut,67.2809829711914
2024-01-01 15:30:00,67.97747039794922,Timur,67.08696746826172
2024-01-02 04:44:00,66.39630126953125,Timur Laut,67.56814575195312
2024-01-02 08:30:00,138.91531372070312,Tenggara,77.70682525634766
2024-01-02 10:56:00,94.18087768554688,Timur,68.36638641357422
2024-01-02 21:14:00,84.6670150756836,Timur,67.08802032470703
2024-01-03 01:43:00,124.88069152832031,Tenggara,75.26761627197266
2024-01-06 05:31:00,111.29444122314453,Timur,72.3565673828125
2024-01-07 07:22:00,110.50273895263672,Timur,64.40267944335938
2024-01-07 20:18:00,134.4414825439453,Tenggara,76.94284057617188
2024-01-08 17:42:00,111.22084045410156,Timur,72.31221008300781
2024-01-08 21:52:00,96.38835906982422,Timur,68.7735595703125
2024-01-09 06:12:00,127.47016143798828,Tenggara,80.12369537353516
2024-01-09 15:46:00,111.27120208740234,Timur,72.34257507324219
2024-01-09 23:29:00,116.75475311279297,Tenggara,67.80682373046875
2024-01-10 08:26:00,125.27787017822266,Tenggara,79.49272155761719
2024-01-10 16:38:00,85.63395690917969,Timur,61.35150146484375
2024-01-12 16:37:00,105.831298828125,Timur,63.93162155151367
2024-02-01 12:08:00,133.4303436279297,Tenggara,81.80679321289062
2024-02-01 22:17:00,140.25927734375,Tenggara,82.5963134765625
2024-02-02 09:58:00,90.65855407714844,Timur,67.77935028076172
2024-02-02 18:49:00,137.23509216308594,Tenggara,77.419921875
2024-02-03 17:01:00,97.85977172851562,Timur,69.04496765136719
2024-02-04 19:31:00,115.35307312011719,Tenggara,72.37869262695312
2024-02-04 20:45:00,113.43881225585938,Tenggara,73.17472839355469
2024-02-05 04:06:00,140.37991333007812,Tenggara,83.35932159423828
2024-02-05 07:17:00,139.0428009033203,Tenggara,83.3917007446289
2024-02-05 12:54:00,110.91981506347656,Timur,72.13089752197266
2024-02-06 06:54:00,116.43353271484375,Tenggara,73.72249603271484
2024-02-08 18:27:00,48.80378723144531,Timur Laut,63.020111083984375
2024-02-09 12:27:00,67.64990997314453,Timur,66.84185028076172
2024-02-11 08:43:00,104.09013366699219,Timur,70.19418334960938
2024-03-01 10:50:00,66.49568176269531,Timur Laut,67.36024475097656
2024-03-01 15:42:00,60.106197357177734,Timur Laut,65.2761459350586
2024-03-02 16:37:00,66.78722381591797,Timur Laut,66.59272003173828
2024-03-03 18:19:00,89.75535583496094,Timur,67.6751480102539
2024-03-03 21:05:00,67.35851287841797,Timur Laut,67.74970245361328
2024-03-04 04:56:00,67.8167953491211,Timur,67.10501861572266
2024-03-05 04:45:00,64.88301849365234,Timur Laut,68.6202392578125
2024-03-05 16:15:00,67.86528015136719,Timur,68.08842468261719
2024-03-05 16:25:00,77.00244903564453,Timur,66.20364379882812
2024-03-06 05:06:00,68.38187408447266,Timur,67.05323791503906
2024-03-06 18:31:00,140.4562530517578,Tenggara,83.80711364746094
2024-03-07 11:19:00,112.4101791381836,Timur,72.98653411865234
2024-03-09 04:17:00,130.77931213378906,Tenggara,81.05815887451172
2024-03-10 07:20:00,114.88034057617188,Tenggara,73.43838500976562
2024-03-10 14:51:00,121.63182830810547,Tenggara,74.67333984375
2024-03-11 12:45:00,71.71759796142578,Timur,66.66594696044922
2024-04-01 11:40:00,72.95718383789062,Timur,66.52640533447266
2024-04-02 12:58:00,64.6905288696289,Timur Laut,67.76216125488281
2024-04-03 00:06:00,69.92572784423828,Timur,67.57977294921875
2024-04-03 01:06:00,58.93897247314453,Timur Laut,65.2485122680664
2024-04-04 20:20:00,76.28983306884766,Timur,66.1512222290039
2024-04-05 07:58:00,85.55680847167969,Timur,67.1906967163086
2024-04-05 21:46:00,70.13273620605469,Timur,66.84432983398438
2024-04-06 05:25:00,93.03559875488281,Timur,68.15513610839844
2024-04-06 11:42:00,139.53091430664062,Tenggara,77.98978424072266
2024-04-06 12:40:00,134.53460693359375,Tenggara,76.95872497558594
2024-04-06 18:25:00,89.94601440429688,Timur,60.405242919921875
2024-04-07 00:48:00,76.43570709228516,Timur,66.13824462890625
2024-04-07 16:46:00,79.06401824951172,Timur,66.44152069091797
2024-04-09 01:54:00,63.14375305175781,Timur Laut,67.54173278808594
2024-04-09 03:25:00,66.34588623046875,Timur Laut,67.67372131347656
2024-04-09 16:40:00,67.82389068603516,Timur,68.26882934570312
2024-04-09 20:31:00,63.838809967041016,Timur Laut,67.62443542480469
2024-04-09 21:42:00,80.90196228027344,Timur,66.65359497070312
2024-04-10 04:10:00,71.1411361694336,Timur,66.73080444335938
2024-04-10 05:47:00,131.08621215820312,Tenggara,76.36986541748047
2024-04-10 15:11:00,140.3118438720703,Tenggara,82.92880249023438
2024-04-11 14:13:00,137.90065002441406,Tenggara,83.06914520263672
2024-04-11 16:17:00,110.71929168701172,Timur,64.42449951171875
2024-04-12 00:46:00,69.2383804321289,Timur,67.54375457763672
2024-04-12 01:04:00,63.26926040649414,Timur Laut,67.99710083007812
2024-05-02 14:19:00,66.32958221435547,Timur Laut,67.7077865600586
2024-05-02 16:58:00,78.19713592529297,Timur,66.34149169921875
2024-05-03 00:10:00,95.56245422363281,Timur,68.6212158203125
2024-05-03 14:34:00,122.94673156738281,Tenggara,74.91387176513672
2024-05-04 07:26:00,108.0879135131836,Timur,70.93157958984375
2024-05-05 07:29:00,72.98997497558594,Timur,66.52271270751953
2024-05-06 04:20:00,140.05307006835938,Tenggara,81.29222106933594
2024-05-08 09:41:00,136.55958557128906,Tenggara,77.30455017089844
2024-05-09 04:44:00,140.9388427734375,Tenggara,83.92713165283203
2024-05-11 03:31:00,115.52201080322266,Tenggara,71.8276138305664
2024-05-11 11:37:00,104.49077606201172,Timur,60.13554763793945
2024-05-12 08:39:00,133.63528442382812,Tenggara,76.80517578125
2024-05-12 11:37:00,137.5166473388672,Tenggara,82.96072387695312
2024-06-01 22:05:00,102.91818237304688,Timur,69.97801208496094
2024-06-03 18:57:00,123.65801239013672,Tenggara,75.0439682006836
2024-06-04 08:53:00,100.65135192871094,Timur,69.55987548828125
2024-06-05 23:20:00,109.98902130126953,Timur,71.57026672363281
2024-06-07 09:17:00,83.55653381347656,Timur,66.95989227294922
2024-06-07 19:49:00,139.29434204101562,Tenggara,77.7715835571289
2024-06-08 16:57:00,139.27664184570312,Tenggara,77.7685546875
2024-06-09 15:12:00,115.8692626953125,Tenggara,76.77352142333984
2024-06-10 07:45:00,136.27984619140625,Tenggara,77.25678253173828
2024-06-11 04:02:00,86.87699127197266,Timur,67.34302520751953
2024-06-12 03:02:00,70.78707122802734,Timur,66.77067565917969
2024-06-12 06:30:00,66.865478515625,Timur Laut,67.2121353149414
2024-06-12 07:23:00,105.01226043701172,Timur,70.3642578125
2024-06-12 22:00:00,84.75469970703125,Timur,67.09815216064453
2024-07-02 18:07:00,136.4987335205078,Tenggara,77.29415893554688
2024-07-05 03:36:00,92.87809753417969,Timur,68.12606811523438
2024-07-05 15:26:00,141.29995727539062,Tenggara,84.03046417236328
2024-07-05 22:00:00,136.0403289794922,Tenggara,82.5438232421875
2024-07-05 22:14:00,114.42501068115234,Tenggara,75.65457916259766
2024-07-06 02:30:00,89.53015899658203,Timur,67.64916229248047
2024-07-06 20:43:00,66.07643127441406,Timur Laut,68.23755645751953
2024-07-08 11:12:00,68.66393280029297,Timur,67.51365661621094
2024-07-09 01:19:00,66.0959243774414,Timur Laut,68.1968002319336
2024-07-09 01:55:00,68.66277313232422,Timur,67.51358795166016
2024-07-09 20:19:00,66.0683822631836,Timur Laut,68.25450897216797
2024-07-09 20:27:00,72.36628723144531,Timur,66.5929183959961
2024-07-10 14:34:00,139.553466796875,Tenggara,78.13214111328125
2024-07-11 02:44:00,129.52198791503906,Tenggara,80.70311737060547
2024-07-11 15:27:00,113.53009796142578,Tenggara,64.70793151855469
2024-07-12 16:00:00,87.06278991699219,Timur,67.36445617675781
2024-08-02 10:10:00,81.75281524658203,Timur,66.75177001953125
2024-08-03 07:06:00,87.96736145019531,Timur,67.46884155273438
2024-08-03 22:46:00,106.31875610351562,Timur,70.60526275634766
2024-08-05 00:26:00,66.19400787353516,Timur Laut,67.99150848388672
2024-08-06 18:28:00,73.13336181640625,Timur,66.50656127929688
2024-08-08 19:32:00,70.810546875,Timur,66.76803588867188
2024-08-09 23:58:00,79.32383728027344,Timur,66.47150421142578
2024-08-10 16:06:00,63.13642501831055,Timur Laut,67.5510025024414
2024-08-10 22:44:00,65.41952514648438,Timur Laut,68.79598999023438
2024-08-11 07:39:00,63.83919906616211,Timur Laut,65.74138641357422
2024-09-02 05:26:00,26.252565383911133,Timur Laut,55.88511276245117
2024-09-02 17:41:00,59.915428161621094,Timur Laut,65.27162170410156
2024-09-04 07:56:00,67.1779556274414,Timur Laut,67.5805435180664
2024-09-04 17:23:00,84.90199279785156,Timur,67.1151351928711
2024-09-07 03:25:00,92.58234405517578,Timur,68.07151794433594
2024-09-08 16:58:00,114.54180145263672,Tenggara,75.20298767089844
2024-09-09 03:00:00,117.82353973388672,Tenggara,77.33834838867188
2024-09-09 11:53:00,132.40139770507812,Tenggara,81.51622009277344
2024-09-09 18:33:00,126.00846099853516,Tenggara,75.47391510009766
2024-09-10 12:39:00,114.73511505126953,Tenggara,73.41181945800781
2024-09-10 23:00:00,105.3514175415039,Timur,70.42682647705078
2024-09-11 02:29:00,121.0909423828125,Tenggara,74.57441711425781
2024-09-12 08:19:00,132.48439025878906,Tenggara,76.60861206054688
2024-09-12 20:06:00,137.826904296875,Tenggara,83.04833221435547
2024-10-01 16:24:00,93.95645141601562,Timur,62.73426818847656
2024-10-02 02:33:00,137.85513305664062,Tenggara,77.52579498291016
2024-10-04 05:41:00,72.81288146972656,Timur,66.5426254272461
2024-10-06 02:16:00,82.75199127197266,Timur,66.86708068847656
2024-10-06 05:45:00,128.57955932617188,Tenggara,80.43696594238281
2024-10-06 18:16:00,125.93634033203125,Tenggara,75.46072387695312
2024-10-09 14:49:00,134.1790771484375,Tenggara,76.89803314208984
2024-10-09 15:25:00,140.230712890625,Tenggara,82.41590118408203
2024-10-09 21:26:00,140.89674377441406,Tenggara,83.91520690917969
2024-10-10 09:00:00,140.14346313476562,Tenggara,81.86392974853516
2024-10-10 14:09:00,129.79010009765625,Tenggara,76.14849853515625
2024-10-10 22:37:00,125.74090576171875,Tenggara,79.62657165527344
2024-10-10 23:42:00,109.7482681274414,Timur,64.32659912109375
2024-10-11 04:10:00,141.33909606933594,Tenggara,84.04080963134766
2024-10-12 02:53:00,118.6597671508789,Tenggara,77.58003234863281
2024-10-12 17:04:00,94.88973236083984,Timur,68.49712371826172
2024-11-01 22:50:00,69.47602844238281,Timur,67.36920166015625
2024-11-02 04:23:00,106.70784759521484,Timur,70.67701721191406
2024-11-03 03:43:00,122.04952239990234,Tenggara,78.55972290039062
2024-11-03 10:36:00,76.00801849365234,Timur,66.1829605102539
2024-11-04 05:13:00,64.3769302368164,Timur Laut,65.89666748046875
2024-11-04 12:26:00,74.7663803100586,Timur,66.32272338867188
2024-11-04 14:28:00,65.86521911621094,Timur Laut,68.57118225097656
2024-11-04 21:54:00,79.57274627685547,Timur,66.5002212524414
2024-11-05 20:28:00,96.65076446533203,Timur,68.82195281982422
2024-11-07 19:28:00,94.05601501464844,Timur,68.34333801269531
2024-11-08 03:36:00,109.23298645019531,Timur,71.14280700683594
2024-11-09 08:18:00,75.56770324707031,Timur,66.23252868652344
2024-11-09 10:51:00,109.36516571044922,Timur,71.1944808959961
2024-11-11 07:03:00,80.55484008789062,Timur,66.61353302001953
2024-11-12 17:34:00,117.6572036743164,Tenggara,73.94631958007812
2024-11-12 22:01:00,41.134029388427734,Timur Laut,60.944271087646484
2024-12-01 07:34:00,19.314313888549805,Utara,53.095428466796875
2024-12-04 19:35:00,36.65591049194336,Timur Laut,59.519351959228516
2024-12-06 13:47:00,60.25834274291992,Timur Laut,65.27973175048828
2024-12-07 00:14:00,72.26013946533203,Timur,66.60487365722656
2024-12-08 12:32:00,72.34465789794922,Timur,66.59536743164062
2024-12-09 00:48:00,79.85345458984375,Timur,66.5326156616211
2024-12-09 05:52:00,93.34610748291016,Timur,68.21241760253906
2024-12-10 20:58:00,85.36034393310547,Timur,67.16802215576172
2024-12-11 18:14:00,65.5898208618164,Timur Laut,68.71013641357422
2024-12-11 23:34:00,67.67546844482422,Timur,67.46184539794922
2024-12-12 21:49:00,69.12445831298828,Timur,67.53778076171875
2025-12-09 22:47:00,71.23809051513672,Timur,66.71990966796875
2025-12-09 22:47:00,141.37327575683594,Tenggara,84.04986572265625
2025-12-09 23:16:00,110.8517074584961,Timur,64.4378662109375
2025-12-09 23:16:00,139.63523864746094,Tenggara,78.6494369506836
2025-12-12 03:22:00,114.50519561767578,Tenggara,75.34463500976562
2025-12-12 05:19:00,140.54966735839844,Tenggara,83.81720733642578
2025-12-12 05:19:00,138.17393493652344,Tenggara,83.14633178710938
2025-12-12 05:41:00,138.86929321289062,Tenggara,83.34269714355469
2025-12-12 05:41:00,132.60223388671875,Tenggara,81.57292938232422
2025-12-12 18:16:00,134.31759643554688,Tenggara,76.92168426513672
2025-12-12 18:16:00,139.70578002929688,Tenggara,79.09526824951172
2025-12-13 15:03:00,139.97601318359375,Tenggara,80.80427551269531
2025-12-13 15:03:00,139.11734008789062,Tenggara,83.41275787353516
2025-12-13 15:07:00,121.33755493164062,Tenggara,78.35392761230469
2025-12-13 15:07:00,137.72525024414062,Tenggara,83.01962280273438
2025-12-13 23:27:00,134.8162384033203,Tenggara,82.19816589355469
2025-12-13 23:27:00,116.42686462402344,Tenggara,68.87640380859375
2025-12-13 23:54:00,105.33989715576172,Timur,60.11983108520508
2025-12-13 23:54:00,126.03386688232422,Tenggara,79.71123504638672
2025-12-15 11:35:00,97.55438995361328,Timur,63.09706115722656
2025-12-15 11:35:00,99.28553009033203,Timur,63.2716178894043
2025-12-15 20:39:00,168.18408203125,Selatan,474.26910400390625
